"aa_new_seq","aa_position","aa_ref_seq","clone","codon_new_seq","codon_number","codon_position","codon_position_is_indeterminate","codon_ref_seq","frequency","gene_name","gene_position","gene_product","gene_strand","genes_inactivated","genes_overlapping","genes_promoter","insert_position","locus_tag","locus_tags_inactivated","locus_tags_overlapping","locus_tags_promoter","mutation_category","mutator_status","new_read_count","new_read_count_basis","new_seq","population","position","position_end","position_start","ref_read_count","ref_read_count_basis","ref_seq","seq_id","size","snp_type","time","title","transl_table","treatment","type"
"E","175","A","","GAA","175","2","","GCA","6.40397072e-02","argH","524","argininosuccinate lyase","<","","argH","","","ACIAD0283","","ACIAD0283","","snp_nonsynonymous","","6","1","T","","281873","281873","281873","87","1","G","AB13_v2.2","","nonsynonymous","-1","SF3582","11","","SNP"
"H","152","P","","CAC","152","2","","CCC","5.26075363e-02","ACIAD0798","455","hypothetical protein","<","","ACIAD0798","","","ACIAD0798","","ACIAD0798","","snp_nonsynonymous","","5","1","T","","786086","786086","786086","90","1","G","AB13_v2.2","","nonsynonymous","-1","SF3582","11","","SNP"
"H","248","P","","CAT","248","2","","CCT","5.05433083e-02","ACIAD0849","743","dehydrogenase","<","","ACIAD0849","","","ACIAD0849","","ACIAD0849","","snp_nonsynonymous","","4","1","T","","836656","836656","836656","75","1","G","AB13_v2.2","","nonsynonymous","-1","SF3582","11","","SNP"
"T","43","K","","ACA","43","2","","AAA","1","rpsL","128","30S ribosomal protein S12",">","","rpsL","","","ACIAD0881","","ACIAD0881","","snp_nonsynonymous","","120","1","C","","863455","863455","863455","0","1","A","AB13_v2.2","","nonsynonymous","-1","SF3582","11","","SNP"
"C","138","C","","TGT","138","3","","TGC","6.05268478e-02","tufA","414","elongation factor Tu",">","","tufA","","","ACIAD0885","","ACIAD0885","","snp_synonymous","","4","1","T","","867154","867154","867154","62","1","C","AB13_v2.2","","synonymous","-1","SF3582","11","","SNP"
"D","116","E","","GAC","116","3","","GAA","5.43613434e-02","sbcD","348","ATP-dependent dsDNA exonuclease (suppression of recBC)","<","","sbcD","","","ACIAD0917","","ACIAD0917","","snp_nonsynonymous","","7","1","G","","900285","900285","900285","122","1","T","AB13_v2.2","","nonsynonymous","-1","SF3582","11","","SNP"
"S","187","R","","AGT","187","1","","CGT","6.44435883e-02","ACIAD1203","559","ribosomal large subunit pseudouridine synthase A(RluA-like)",">","","ACIAD1203","","","ACIAD1203","","ACIAD1203","","snp_nonsynonymous","","6","1","A","","1255703","1255703","1255703","87","1","C","AB13_v2.2","","nonsynonymous","-1","SF3582","11","","SNP"
"M","191","L","","ATG","191","1","","CTG","6.44288063e-02","ACIAD1461","571","hypothetical protein","<","","ACIAD1461","","","ACIAD1461","","ACIAD1461","","snp_nonsynonymous","","6","1","T","","1511574","1511574","1511574","87","1","G","AB13_v2.2","","nonsynonymous","-1","SF3582","11","","SNP"
"T","135","P","","ACT","135","1","","CCT","5.39889336e-02","ACIAD1484","403","hypothetical protein",">","","ACIAD1484","","","ACIAD1484","","ACIAD1484","","snp_nonsynonymous","","6","1","A","","1533041","1533041","1533041","105","1","C","AB13_v2.2","","nonsynonymous","-1","SF3582","11","","SNP"
"C","538","W","","TGT","538","3","","TGG","5.50260544e-02","atsB","1614","sulfate ester permease protein",">","","atsB","","","ACIAD1586","","ACIAD1586","","snp_nonsynonymous","","6","1","T","","1630653","1630653","1630653","103","1","G","AB13_v2.2","","nonsynonymous","-1","SF3582","11","","SNP"
"P","181","S","","CCC","181","1","","TCC","5.92784882e-02","uppP","541","undecaprenyl pyrophosphate phosphatase","<","","uppP","","","ACIAD1642","","ACIAD1642","","snp_nonsynonymous","","6","1","G","","1689276","1689276","1689276","95","1","A","AB13_v2.2","","nonsynonymous","-1","SF3582","11","","SNP"
"G","17","E","","GGA","17","2","","GAA","5.60016632e-02","braE","50","branched chain amino acid ABC transporter","<","","braE","","","ACIAD1939","","ACIAD1939","","snp_nonsynonymous","","6","1","C","","1981022","1981022","1981022","101","1","T","AB13_v2.2","","nonsynonymous","-1","SF3582","11","","SNP"
"I","271","S","","ATC","271","2","","AGC","5.65748215e-02","eno","812","phosphopyruvate hydratase","<","","eno","","","ACIAD2001","","ACIAD2001","","snp_nonsynonymous","","6","1","A","","2043421","2043421","2043421","100","1","C","AB13_v2.2","","nonsynonymous","-1","SF3582","11","","SNP"
"C","160","S","","TGC","160","1","","AGC","5.21626472e-02","ACIAD2124","478","siderophore biosynthesis protein","<","","ACIAD2124","","","ACIAD2124","","ACIAD2124","","snp_nonsynonymous","","6","1","A","","2166269","2166269","2166269","109","1","T","AB13_v2.2","","nonsynonymous","-1","SF3582","11","","SNP"
"T","14","T","","ACT","14","3","","ACG","5.14597893e-02","ACIAD2140","42","hypothetical protein","<","","ACIAD2140","","","ACIAD2140","","ACIAD2140","","snp_synonymous","","6","1","A","","2177156","2177156","2177156","88","1","C","AB13_v2.2","","synonymous","-1","SF3582","11","","SNP"
"V","24","A","","GTG","24","2","","GCG","5.12108803e-02","xcpX","71","general secretion pathway protein K","<","","xcpX","","","ACIAD2354","","ACIAD2354","","snp_nonsynonymous","","6","1","A","","2368864","2368864","2368864","111","1","G","AB13_v2.2","","nonsynonymous","-1","SF3582","11","","SNP"
"D","56","E","","GAT","56","3","","GAG","5.99145889e-02","cysA","168","sulfate permease A protein chromate resistance ABC transporter ATP-binding protein",">","","cysA","","","ACIAD2596","","ACIAD2596","","snp_nonsynonymous","","6","1","T","","2605107","2605107","2605107","94","1","G","AB13_v2.2","","nonsynonymous","-1","SF3582","11","","SNP"
"","","","","","","","","","1.02796078e-01","tolR/tolB","intergenic (+520/-589)","group A colicins tolerance protein/translocation protein TolB",">/>","","","tolB","","ACIAD2620/ACIAD2622","","","ACIAD2622","snp_intergenic","","39","1","A","","2626541","2626541","2626541","339","1","G","AB13_v2.2","","intergenic","-1","SF3582","","","SNP"
"","","","","","","","","","1.31970882e-01","tolR/tolB","intergenic (+525/-584)","group A colicins tolerance protein/translocation protein TolB",">/>","","","tolB","","ACIAD2620/ACIAD2622","","","ACIAD2622","snp_intergenic","","51","1","A","","2626546","2626546","2626546","332","1","T","AB13_v2.2","","intergenic","-1","SF3582","","","SNP"
"","","","","","","","","","9.13440731e-01","tolR/tolB","intergenic (+534/-575)","group A colicins tolerance protein/translocation protein TolB",">/>","","","tolB","1","ACIAD2620/ACIAD2622","","","ACIAD2622","large_insertion","","29","1","AACGAAGCCGAGGCTAAAGCAAAAGCCGAGGCTGCTGCTAAAGCCAAACGCGAAGCAGATGCTAAAGCAAAAGCCGAGGCTACTGCTAAAGCCAAAAACGAAGCAGAGGCCAAAGCAAAAGCCGAGGCTGCTGCTAAAGCCAAA","","2626555","2626555","2626555","36","2","A","AB13_v2.2","","","-1","SF3582","","","INS"
"","","","","","","","","","9.00962861e-01","tolR/tolB","intergenic (+535/-574)","group A colicins tolerance protein/translocation protein TolB",">/>","","","tolB","1","ACIAD2620/ACIAD2622","","","ACIAD2622","large_insertion","","30","1","ACGAAGCAGAGGCTAAAGCAAAAGCCGAGGCTGCTGCAAAAGCCAAACGCGAAGCAGATGCTAAAGCAAAAGCCGATGCTGCTGCTAAAGCCAAAAACGAAGCCGAGGCTAAAGCAAAAGCCGAGGCTGCTGCTAAAGCCAAAC","","2626556","2626556","2626556","36","2","C","AB13_v2.2","","","-1","SF3582","","","INS"
"C","121","G","","TGT","121","1","","GGT","5.54862022e-02","pheT","361","phenylalanyl-tRNA synthetase subunit beta","<","","pheT","","","ACIAD3041","","ACIAD3041","","snp_nonsynonymous","","4","1","A","","3028838","3028838","3028838","68","1","C","AB13_v2.2","","nonsynonymous","-1","SF3582","11","","SNP"
"I","11","L","","ATC","11","1","","CTC","6.97498322e-02","dnaN","31","DNA polymerase III beta",">","","dnaN","","","ACIAD0002","","ACIAD0002","","snp_nonsynonymous","","6","1","A","","1664","1664","1664","64","1","C","AB13_v2.2","","nonsynonymous","-1","SF3583","11","","SNP"
"Y","297","C","","TAC","297","2","","TGC","5.70659637e-02","ACIAD0048","890","oxidoreductase",">","","ACIAD0048","","","ACIAD0048","","ACIAD0048","","snp_nonsynonymous","","4","1","A","","52422","52422","52422","66","1","G","AB13_v2.2","","nonsynonymous","-1","SF3583","11","","SNP"
"T","19","T","","ACA","19","3","","ACC","7.54528046e-02","ACIAD0084","57","mannosyl transferase",">","","ACIAD0084","","","ACIAD0084","","ACIAD0084","","snp_synonymous","","4","1","A","","79192","79192","79192","49","1","C","AB13_v2.2","","synonymous","-1","SF3583","11","","SNP"
"T","99","A","","ACA","99","1","","GCA","5.32574654e-02","lldR","295","DNA-binding transcriptional repressor LldR",">","","lldR","","","ACIAD0107","","ACIAD0107","","snp_nonsynonymous","","4","1","A","","107535","107535","107535","71","1","G","AB13_v2.2","","nonsynonymous","-1","SF3583","11","","SNP"
"L","93","W","","TTG","93","2","","TGG","6.24485016e-02","cycA","278","amino acid APC transporter",">","","cycA","","","ACIAD0118","","ACIAD0118","","snp_nonsynonymous","","4","1","T","","118751","118751","118751","60","1","G","AB13_v2.2","","nonsynonymous","-1","SF3583","11","","SNP"
"","","","","","","","","","6.05325699e-02","cycA/ACIAD0119","intergenic (+36/-491)","amino acid APC transporter/major fimbrial subunit protein precursor",">/>","","","ACIAD0119","","ACIAD0118/ACIAD0119","","","ACIAD0119","snp_intergenic","","4","1","T","","119889","119889","119889","62","1","C","AB13_v2.2","","intergenic","-1","SF3583","","","SNP"
"H","374","R","","CAT","374","2","","CGT","6.39910698e-02","ACIAD0220","1121","hypothetical protein",">","","ACIAD0220","","","ACIAD0220","","ACIAD0220","","snp_nonsynonymous","","4","1","A","","220341","220341","220341","58","1","G","AB13_v2.2","","nonsynonymous","-1","SF3583","11","","SNP"
"C","60","R","","TGT","60","1","","CGT","6.14719391e-02","ACIAD0221","178","hypothetical protein",">","","ACIAD0221","","","ACIAD0221","","ACIAD0221","","snp_nonsynonymous","","4","1","T","","222192","222192","222192","61","1","C","AB13_v2.2","","nonsynonymous","-1","SF3583","11","","SNP"
"T","70","A","","ACA","70","1","","GCA","5.87391853e-02","ACIAD0237","208","hypothetical protein",">","","ACIAD0237","","","ACIAD0237","","ACIAD0237","","snp_nonsynonymous","","4","1","A","","238133","238133","238133","64","1","G","AB13_v2.2","","nonsynonymous","-1","SF3583","11","","SNP"
"I","85","M","","ATT","85","3","","ATG","5.12042046e-02","ACIAD0237","255","hypothetical protein",">","","ACIAD0237","","","ACIAD0237","","ACIAD0237","","snp_nonsynonymous","","4","1","T","","238180","238180","238180","74","1","G","AB13_v2.2","","nonsynonymous","-1","SF3583","11","","SNP"
"","","","","","","","","","6.14624023e-02","ribC/ACIAD0250","intergenic (+18/+30)","riboflavin synthase subunit alpha/hypothetical protein",">/<","","","ACIAD0250","","ACIAD0249/ACIAD0250","","","ACIAD0250","snp_intergenic","","4","1","T","","249445","249445","249445","61","1","C","AB13_v2.2","","intergenic","-1","SF3583","","","SNP"
"Y","533","S","","TAT","533","2","","TCT","1.27624989e-01","ACIAD0268","1598","ferrous iron transport protein B",">","","ACIAD0268","","","ACIAD0268","","ACIAD0268","","snp_nonsynonymous","","6","1","A","","269099","269099","269099","41","1","C","AB13_v2.2","","nonsynonymous","-1","SF3583","11","","SNP"
"Q","37","R","","CAA","37","2","","CGA","6.44340515e-02","ACIAD0269","110","hypothetical protein",">","","ACIAD0269","","","ACIAD0269","","ACIAD0269","","snp_nonsynonymous","","4","1","A","","269481","269481","269481","58","1","G","AB13_v2.2","","nonsynonymous","-1","SF3583","11","","SNP"
"V","324","I","","GTT","324","1","","ATT","7.26513863e-02","thiC","970","thiamine biosynthesis protein ThiC","<","","thiC","","","ACIAD0276","","ACIAD0276","","snp_nonsynonymous","","4","1","C","","276509","276509","276509","51","1","T","AB13_v2.2","","nonsynonymous","-1","SF3583","11","","SNP"
"D","94","A","","GAC","94","2","","GCC","6.66646957e-02","thiC","281","thiamine biosynthesis protein ThiC","<","","thiC","","","ACIAD0276","","ACIAD0276","","snp_nonsynonymous","","4","1","T","","277198","277198","277198","56","1","G","AB13_v2.2","","nonsynonymous","-1","SF3583","11","","SNP"
"Y","414","D","","TAT","414","1","","GAT","8.97040367e-02","tolC","1240","channel-tunnel spanning the outer membrane and periplasm segregation of daughter chromosomes",">","","tolC","","","ACIAD0278","","ACIAD0278","","snp_nonsynonymous","","6","1","T","","279070","279070","279070","61","1","G","AB13_v2.2","","nonsynonymous","-1","SF3583","11","","SNP"
"Q","356","Q","","CAG","356","3","","CAA","8.18972588e-02","rpoC","1068","DNA-directed RNA polymerase subunit beta'",">","","rpoC","","","ACIAD0308","","ACIAD0308","","snp_synonymous","","5","1","G","","307331","307331","307331","56","1","A","AB13_v2.2","","synonymous","-1","SF3583","11","","SNP"
"H","555","Q","","CAT","555","3","","CAG","7.30557442e-02","kef","1665","glutathione-regulated potassium-efflux system protein","<","","kef","","","ACIAD0408","","ACIAD0408","","snp_nonsynonymous","","4","1","A","","407689","407689","407689","51","1","C","AB13_v2.2","","nonsynonymous","-1","SF3583","11","","SNP"
"T","241","A","","ACA","241","1","","GCA","6.14566803e-02","kef","721","glutathione-regulated potassium-efflux system protein","<","","kef","","","ACIAD0408","","ACIAD0408","","snp_nonsynonymous","","4","1","T","","408633","408633","408633","61","1","C","AB13_v2.2","","nonsynonymous","-1","SF3583","11","","SNP"
"","","","","","","","","","7.10986704e-02","leuC","coding (1384-1386/1434 nt)","isopropylmalate isomerase large subunit",">","","leuC","","","ACIAD0463","","ACIAD0463","","small_indel","","4","1","","","460872","460874","460872","110","2","GCA","AB13_v2.2","3","","-1","SF3583","","","DEL"
"C","18","G","","TGT","18","1","","GGT","6.34450912e-02","uup","52","ABC transporter ATP-binding protein","<","","uup","","","ACIAD0487","","ACIAD0487","","snp_nonsynonymous","","4","1","A","","481318","481318","481318","59","1","C","AB13_v2.2","","nonsynonymous","-1","SF3583","11","","SNP"
"*","86","W","","TGA","86","3","","TGG","5.70592880e-02","lgt","258","prolipoprotein diacylglyceryl transferase","<","lgt","","","","ACIAD0518","ACIAD0518","","","snp_nonsense","","4","1","T","","503764","503764","503764","66","1","C","AB13_v2.2","","nonsense","-1","SF3583","11","","SNP"
"V","129","A","","GTA","129","2","","GCA","7.01117516e-02","clpX","386","ATP-dependent protease ATP-binding subunit ClpX",">","","clpX","","","ACIAD0535","","ACIAD0535","","snp_nonsynonymous","","4","1","T","","521040","521040","521040","53","1","C","AB13_v2.2","","nonsynonymous","-1","SF3583","11","","SNP"
"T","138","T","","ACA","138","3","","ACG","6.14662170e-02","hisS","414","histidyl-tRNA synthetase",">","","hisS","","","ACIAD0562","","ACIAD0562","","snp_synonymous","","4","1","A","","552032","552032","552032","61","1","G","AB13_v2.2","","synonymous","-1","SF3583","11","","SNP"
"E","523","A","","GAA","523","2","","GCA","5.63325882e-02","aspS","1568","aspartyl-tRNA synthetase","<","","aspS","","","ACIAD0609","","ACIAD0609","","snp_nonsynonymous","","4","1","T","","595999","595999","595999","67","1","G","AB13_v2.2","","nonsynonymous","-1","SF3583","11","","SNP"
"V","389","A","","GTT","389","2","","GCT","7.96375275e-02","ACIAD0668","1166","signal peptide",">","","ACIAD0668","","","ACIAD0668","","ACIAD0668","","snp_nonsynonymous","","6","1","T","","661868","661868","661868","69","1","C","AB13_v2.2","","nonsynonymous","-1","SF3583","11","","SNP"
"A","130","A","","GCC","130","3","","GCA","8.88881683e-02","nuoB","390","NADH dehydrogenase subunit B",">","","nuoB","","","ACIAD0731","","ACIAD0731","","snp_synonymous","","4","1","C","","713660","713660","713660","41","1","A","AB13_v2.2","","synonymous","-1","SF3583","11","","SNP"
"A","132","A","","GCC","132","3","","GCA","8.51016045e-02","nuoB","396","NADH dehydrogenase subunit B",">","","nuoB","","","ACIAD0731","","ACIAD0731","","snp_synonymous","","4","1","C","","713666","713666","713666","43","1","A","AB13_v2.2","","synonymous","-1","SF3583","11","","SNP"
"V","100","G","","GTC","100","2","","GGC","7.98993111e-02","ACIAD0779","299","hypothetical protein",">","","ACIAD0779","","","ACIAD0779","","ACIAD0779","","snp_nonsynonymous","","4","1","T","","762621","762621","762621","46","1","G","AB13_v2.2","","nonsynonymous","-1","SF3583","11","","SNP"
"K","419","Q","","AAG","419","1","","CAG","5.70321083e-02","proS","1255","prolyl-tRNA synthetase","<","","proS","","","ACIAD0782","","ACIAD0782","","snp_nonsynonymous","","4","1","T","","767107","767107","767107","66","1","G","AB13_v2.2","","nonsynonymous","-1","SF3583","11","","SNP"
"W","227","G","","TGG","227","1","","GGG","7.13291168e-02","chpA","679","component of chemotactic signal transduction system",">","","chpA","","","ACIAD0790","","ACIAD0790","","snp_nonsynonymous","","4","1","T","","777191","777191","777191","52","1","G","AB13_v2.2","","nonsynonymous","-1","SF3583","11","","SNP"
"P","178","L","","CCG","178","2","","CTG","6.14657402e-02","ACIAD0919","533","hypothetical protein","<","","ACIAD0919","","","ACIAD0919","","ACIAD0919","","snp_nonsynonymous","","4","1","G","","901345","901345","901345","61","1","A","AB13_v2.2","","nonsynonymous","-1","SF3583","11","","SNP"
"L","309","L","","CTC","309","3","","CTT","5.25493622e-02","ACIAD0940","927","hemagglutinin/hemolysin-related protein",">","","ACIAD0940","","","ACIAD0940","","ACIAD0940","","snp_synonymous","","4","1","C","","922374","922374","922374","72","1","T","AB13_v2.2","","synonymous","-1","SF3583","11","","SNP"
"M","139","T","","ATG","139","2","","ACG","5.87410927e-02","iciA","416","chromosome replication initiation inhibitor protein",">","","iciA","","","ACIAD0967","","ACIAD0967","","snp_nonsynonymous","","4","1","T","","952201","952201","952201","64","1","C","AB13_v2.2","","nonsynonymous","-1","SF3583","11","","SNP"
"D","251","G","","GAC","251","2","","GGC","6.44416809e-02","ACIAD1025","752","cobalamin synthesis protein",">","","ACIAD1025","","","ACIAD1025","","ACIAD1025","","snp_nonsynonymous","","4","1","A","","1014669","1014669","1014669","58","1","G","AB13_v2.2","","nonsynonymous","-1","SF3583","11","","SNP"
"S","112","G","","AGT","112","1","","GGT","6.55002594e-02","ACIAD1036","334","major facilitator superfamily permease","<","","ACIAD1036","","","ACIAD1036","","ACIAD1036","","snp_nonsynonymous","","4","1","T","","1025410","1025410","1025410","57","1","C","AB13_v2.2","","nonsynonymous","-1","SF3583","11","","SNP"
"A","3","A","","GCA","3","3","","GCC","7.55944252e-02","ACIAD1036","9","major facilitator superfamily permease","<","","ACIAD1036","","","ACIAD1036","","ACIAD1036","","snp_synonymous","","5","1","T","","1025735","1025735","1025735","61","1","G","AB13_v2.2","","synonymous","-1","SF3583","11","","SNP"
"M","3","L","","ATG","3","1","","CTG","5.63650131e-02","tesA","7","multifunctional acyl-CoA thioesterase I/proteaseI/lysophospholipase","<","","tesA","","","ACIAD1057","","ACIAD1057","","snp_nonsynonymous","","4","1","T","","1049737","1049737","1049737","67","1","G","AB13_v2.2","","nonsynonymous","-1","SF3583","11","","SNP"
"C","349","W","","TGT","349","3","","TGG","1.17616177e-01","aceA","1047","isocitrate lyase",">","","aceA","","","ACIAD1084","","ACIAD1084","","snp_nonsynonymous","","6","1","T","","1078146","1078146","1078146","45","1","G","AB13_v2.2","","nonsynonymous","-1","SF3583","11","","SNP"
"K","81","I","","AAA","81","2","","ATA","5.76567650e-02","ACIAD1118","242","hypothetical protein","<","","ACIAD1118","","","ACIAD1118","","ACIAD1118","","snp_nonsynonymous","","4","1","T","","1104104","1104104","1104104","65","1","A","AB13_v2.2","","nonsynonymous","-1","SF3583","11","","SNP"
"","","","","","","","","","6.54654503e-02","ACIADtRNASer_49/NGC85_04555","intergenic (+1263/+90)","tRNA-Ser/inovirus-type Gp2 protein",">/<","","","NGC85_04555","","ACIADtRNASer_49/NGC85_04555","","","NGC85_04555","snp_intergenic","","4","1","T","","1146604","1146604","1146604","57","1","G","AB13_v2.2","","intergenic","-1","SF3583","","","SNP"
"T","212","P","","ACA","212","1","","CCA","5.87406158e-02","D6I95_14815","634","hypothetical protein","<","","D6I95_14815","","","D6I95_14815","","D6I95_14815","","snp_nonsynonymous","","4","1","T","","1171997","1171997","1171997","64","1","G","AB13_v2.2","","nonsynonymous","-1","SF3583","11","","SNP"
"C","375","G","","TGC","375","1","","GGC","7.68179893e-02","D6I95_15955","1123","cation acetate symporter",">","","D6I95_15955","","","D6I95_15955","","D6I95_15955","","snp_nonsynonymous","","4","1","T","","1177411","1177411","1177411","48","1","G","AB13_v2.2","","nonsynonymous","-1","SF3583","11","","SNP"
"","","","","","","","","","7.85408020e-02","NGC85_03795/NGC85_10655","intergenic (-3189/+1741)","CitMHS family transporter/tyrosine-type recombinase/integrase","</<","","","","","NGC85_03795/NGC85_10655","","","","snp_intergenic","","4","1","T","","1196590","1196590","1196590","47","1","G","AB13_v2.2","","intergenic","-1","SF3583","","","SNP"
"G","25","G","","GGT","25","3","","GGG","6.74891472e-02","NGC85_10655","75","tyrosine-type recombinase/integrase","<","","NGC85_10655","","","NGC85_10655","","NGC85_10655","","snp_synonymous","","4","1","A","","1199555","1199555","1199555","55","1","C","AB13_v2.2","","synonymous","-1","SF3583","11","","SNP"
"R","569","Q","","CGG","569","2","","CAG","6.77251816e-02","ACIAD1158","1706","RND efflux transporter",">","","ACIAD1158","","","ACIAD1158","","ACIAD1158","","snp_nonsynonymous","","4","1","G","","1203254","1203254","1203254","55","1","A","AB13_v2.2","","nonsynonymous","-1","SF3583","11","","SNP"
"A","395","A","","GCT","395","3","","GCG","6.66193962e-02","ACIAD1159","1185","multidrug transporter",">","","ACIAD1159","","","ACIAD1159","","ACIAD1159","","snp_synonymous","","4","1","T","","1205825","1205825","1205825","56","1","G","AB13_v2.2","","synonymous","-1","SF3583","11","","SNP"
"S","173","A","","TCC","173","1","","GCC","5.79137802e-02","dacC","517","D-ala-D-ala-carboxypeptidase","<","","dacC","","","ACIAD1225","","ACIAD1225","","snp_nonsynonymous","","4","1","A","","1279279","1279279","1279279","65","1","C","AB13_v2.2","","nonsynonymous","-1","SF3583","11","","SNP"
"Q","148","P","","CAA","148","2","","CCA","6.14690781e-02","ACIAD1230","443","transcriptional regulator",">","","ACIAD1230","","","ACIAD1230","","ACIAD1230","","snp_nonsynonymous","","4","1","A","","1282854","1282854","1282854","61","1","C","AB13_v2.2","","nonsynonymous","-1","SF3583","11","","SNP"
"","","","","","","","","","6.14662170e-02","rnhB/lysC","intergenic (+253/+329)","ribonuclease HII/aspartate kinase",">/<","","","lysC","","ACIAD1248/ACIAD1252","","","ACIAD1252","snp_intergenic","","4","1","G","","1299933","1299933","1299933","61","1","A","AB13_v2.2","","intergenic","-1","SF3583","","","SNP"
"E","84","A","","GAA","84","2","","GCA","6.14876747e-02","lysC","251","aspartate kinase","<","","lysC","","","ACIAD1252","","ACIAD1252","","snp_nonsynonymous","","4","1","T","","1301292","1301292","1301292","61","1","G","AB13_v2.2","","nonsynonymous","-1","SF3583","11","","SNP"
"V","272","A","","GTT","272","2","","GCT","5.87511063e-02","astB","815","succinylarginine dihydrolase",">","","astB","","","ACIAD1288","","ACIAD1288","","snp_nonsynonymous","","4","1","T","","1341101","1341101","1341101","64","1","C","AB13_v2.2","","nonsynonymous","-1","SF3583","11","","SNP"
"T","454","A","","ACA","454","1","","GCA","7.13624954e-02","ACIAD1324","1360","hypothetical protein",">","","ACIAD1324","","","ACIAD1324","","ACIAD1324","","snp_nonsynonymous","","4","1","A","","1374038","1374038","1374038","52","1","G","AB13_v2.2","","nonsynonymous","-1","SF3583","11","","SNP"
"S","63","L","","TCA","63","2","","TTA","5.47127724e-02","ACIAD1332","188","DNA-binding/iron metalloprotein/AP endonuclease",">","","ACIAD1332","","","ACIAD1332","","ACIAD1332","","snp_nonsynonymous","","4","1","C","","1379387","1379387","1379387","69","1","T","AB13_v2.2","","nonsynonymous","-1","SF3583","11","","SNP"
"E","59","A","","GAG","59","2","","GCG","7.26690292e-02","ACIAD1416","176","hypothetical protein",">","","ACIAD1416","","","ACIAD1416","","ACIAD1416","","snp_nonsynonymous","","4","1","A","","1461517","1461517","1461517","51","1","C","AB13_v2.2","","nonsynonymous","-1","SF3583","11","","SNP"
"T","304","M","","ACG","304","2","","ATG","5.18655777e-02","benA","911","benzoate 1,2-dioxygenase alpha subunit",">","","benA","","","ACIAD1436","","ACIAD1436","","snp_nonsynonymous","","4","1","C","","1485566","1485566","1485566","73","1","T","AB13_v2.2","","nonsynonymous","-1","SF3583","11","","SNP"
"A","143","V","","GCC","143","2","","GTC","5.87182045e-02","ACIAD1443","428","hypothetical protein",">","","ACIAD1443","","","ACIAD1443","","ACIAD1443","","snp_nonsynonymous","","4","1","C","","1491653","1491653","1491653","64","1","T","AB13_v2.2","","nonsynonymous","-1","SF3583","11","","SNP"
"V","587","I","","GTC","587","1","","ATC","6.24194145e-02","ACIAD1514","1759","ABC transporter ATP-binding protein",">","","ACIAD1514","","","ACIAD1514","","ACIAD1514","","snp_nonsynonymous","","4","1","G","","1562761","1562761","1562761","60","1","A","AB13_v2.2","","nonsynonymous","-1","SF3583","11","","SNP"
"Q","43","Q","","CAA","43","3","","CAG","6.14614487e-02","ACIAD1550","129","oxidoreductase",">","","ACIAD1550","","","ACIAD1550","","ACIAD1550","","snp_synonymous","","4","1","A","","1598909","1598909","1598909","61","1","G","AB13_v2.2","","synonymous","-1","SF3583","11","","SNP"
"E","128","A","","GAA","128","2","","GCA","7.01360703e-02","astR","383","sulfate ester binding protein",">","","astR","","","ACIAD1593","","ACIAD1593","","snp_nonsynonymous","","4","1","A","","1635929","1635929","1635929","53","1","C","AB13_v2.2","","nonsynonymous","-1","SF3583","11","","SNP"
"","","","","","","","","","5.95951080e-02","ACIAD1622/ACIAD1624","intergenic (+128/+305)","AraC family transcriptional regulator/transcriptional regulator",">/<","","","ACIAD1624","","ACIAD1622/ACIAD1624","","","ACIAD1624","snp_intergenic","","4","1","A","","1670911","1670911","1670911","63","1","G","AB13_v2.2","","intergenic","-1","SF3583","","","SNP"
"H","195","R","","CAT","195","2","","CGT","5.39698601e-02","ACIAD1634","584","two-component system sensor protein (ColR-like)","<","","ACIAD1634","","","ACIAD1634","","ACIAD1634","","snp_nonsynonymous","","4","1","T","","1681705","1681705","1681705","70","1","C","AB13_v2.2","","nonsynonymous","-1","SF3583","11","","SNP"
"H","144","Y","","CAC","144","1","","TAC","7.44347572e-02","ACIAD1636","430","hypothetical protein","<","","ACIAD1636","","","ACIAD1636","","ACIAD1636","","snp_nonsynonymous","","4","1","G","","1682924","1682924","1682924","49","1","A","AB13_v2.2","","nonsynonymous","-1","SF3583","11","","SNP"
"","","","","","","","","","5.96451759e-02","ACIAD1636/ACIAD1637","intergenic (-60/+30)","hypothetical protein/phosphinothricin N-acetyltransferase","</<","","","ACIAD1636","","ACIAD1636/ACIAD1637","","","ACIAD1636","snp_intergenic","","4","1","A","","1683413","1683413","1683413","63","1","C","AB13_v2.2","","intergenic","-1","SF3583","","","SNP"
"","","","","","","","","","5.54771423e-02","ACIAD1640/ACIAD1641","intergenic (+166/-71)","antigen/hypothetical protein",">/>","","","ACIAD1641","","ACIAD1640/ACIAD1641","","","ACIAD1641","snp_intergenic","","4","1","G","","1688667","1688667","1688667","68","1","A","AB13_v2.2","","intergenic","-1","SF3583","","","SNP"
"G","29","G","","GGA","29","3","","GGC","6.44526482e-02","caiB","87","L-carnitine dehydrogenase",">","","caiB","","","ACIAD1683","","ACIAD1683","","snp_synonymous","","4","1","A","","1738031","1738031","1738031","58","1","C","AB13_v2.2","","synonymous","-1","SF3583","11","","SNP"
"T","205","T","","ACG","205","3","","ACA","6.44435883e-02","dcaF","615","acetyl-CoA acetyltransferase","<","","dcaF","","","ACIAD1689","","ACIAD1689","","snp_synonymous","","4","1","C","","1744364","1744364","1744364","58","1","T","AB13_v2.2","","synonymous","-1","SF3583","11","","SNP"
"T","221","A","","ACA","221","1","","GCA","7.49263763e-02","acdB","661","acyl-CoA dehydrogenase",">","","acdB","","","ACIAD1700","","ACIAD1700","","snp_nonsynonymous","","6","1","A","","1756641","1756641","1756641","74","1","G","AB13_v2.2","","nonsynonymous","-1","SF3583","11","","SNP"
"V","314","V","","GTT","314","3","","GTG","5.15522957e-02","hcaK","942","3-hydroxyphenylpropionic transporter MhpT",">","","hcaK","","","ACIAD1727","","ACIAD1727","","snp_synonymous","","4","1","T","","1787874","1787874","1787874","73","1","G","AB13_v2.2","","synonymous","-1","SF3583","11","","SNP"
"E","349","E","","GAA","349","3","","GAG","6.14671707e-02","alkK","1047","medium-chain-fatty-acid--CoA ligase",">","","alkK","","","ACIAD1818","","ACIAD1818","","snp_synonymous","","4","1","A","","1877108","1877108","1877108","61","1","G","AB13_v2.2","","synonymous","-1","SF3583","11","","SNP"
"G","225","G","","GGT","225","3","","GGC","7.01150894e-02","ACIAD1854","675","hypothetical protein","<","","ACIAD1854","","","ACIAD1854","","ACIAD1854","","snp_synonymous","","4","1","A","","1905686","1905686","1905686","53","1","G","AB13_v2.2","","synonymous","-1","SF3583","11","","SNP"
"Q","268","H","","CAA","268","3","","CAT","5.48138618e-02","ACIAD1886","804","acyl-CoA dehydrogenase","<","","ACIAD1886","","","ACIAD1886","","ACIAD1886","","snp_nonsynonymous","","4","1","T","","1930371","1930371","1930371","69","1","A","AB13_v2.2","","nonsynonymous","-1","SF3583","11","","SNP"
"T","84","A","","ACA","84","1","","GCA","5.62686920e-02","ACIAD1891","250","UDP-galactose 4-epimerase (GalE-like)","<","","ACIAD1891","","","ACIAD1891","","ACIAD1891","","snp_nonsynonymous","","4","1","T","","1935873","1935873","1935873","67","1","C","AB13_v2.2","","nonsynonymous","-1","SF3583","11","","SNP"
"R","204","R","","CGA","204","3","","CGC","5.87201118e-02","ACIAD1935","612","Fis family transcriptional regulator","<","","ACIAD1935","","","ACIAD1935","","ACIAD1935","","snp_synonymous","","4","1","T","","1975893","1975893","1975893","64","1","G","AB13_v2.2","","synonymous","-1","SF3583","11","","SNP"
"H","283","R","","CAC","283","2","","CGC","6.66275024e-02","ACIAD1936","848","signal peptide","<","","ACIAD1936","","","ACIAD1936","","ACIAD1936","","snp_nonsynonymous","","4","1","T","","1976689","1976689","1976689","56","1","C","AB13_v2.2","","nonsynonymous","-1","SF3583","11","","SNP"
"G","110","G","","GGA","110","3","","GGC","5.54928780e-02","ACIAD1963","330","hypothetical protein","<","","ACIAD1963","","","ACIAD1963","","ACIAD1963","","snp_synonymous","","4","1","T","","2002175","2002175","2002175","68","1","G","AB13_v2.2","","synonymous","-1","SF3583","11","","SNP"
"S","166","R","","AGT","166","1","","CGT","5.25484085e-02","ACIAD1964","496","protein kinase","<","","ACIAD1964","","","ACIAD1964","","ACIAD1964","","snp_nonsynonymous","","4","1","T","","2003535","2003535","2003535","72","1","G","AB13_v2.2","","nonsynonymous","-1","SF3583","11","","SNP"
"S","114","S","","TCG","114","3","","TCA","6.65888786e-02","ACIAD1965","342","hypothetical protein","<","","ACIAD1965","","","ACIAD1965","","ACIAD1965","","snp_synonymous","","4","1","C","","2005490","2005490","2005490","56","1","T","AB13_v2.2","","synonymous","-1","SF3583","11","","SNP"
"I","136","L","","ATC","136","1","","CTC","6.34064674e-02","ACIAD1982","406","benzoate membrane transport protein",">","","ACIAD1982","","","ACIAD1982","","ACIAD1982","","snp_nonsynonymous","","4","1","A","","2023128","2023128","2023128","59","1","C","AB13_v2.2","","nonsynonymous","-1","SF3583","11","","SNP"
"H","183","H","","CAT","183","3","","CAC","7.13562965e-02","gltI","549","glutamate/aspartate ABC transporter substrate-binding protein","<","","gltI","","","ACIAD2061","","ACIAD2061","","snp_synonymous","","4","1","A","","2097535","2097535","2097535","52","1","G","AB13_v2.2","","synonymous","-1","SF3583","11","","SNP"
"S","78","S","","TCG","78","3","","TCA","5.86934090e-02","ACIAD2075","234","hypothetical protein","<","","ACIAD2075","","","ACIAD2075","","ACIAD2075","","snp_synonymous","","4","1","C","","2109065","2109065","2109065","64","1","T","AB13_v2.2","","synonymous","-1","SF3583","11","","SNP"
"S","243","A","","TCT","243","1","","GCT","6.55303001e-02","ACIAD2099","727","alpha/beta hydrolase","<","","ACIAD2099","","","ACIAD2099","","ACIAD2099","","snp_nonsynonymous","","4","1","A","","2136653","2136653","2136653","57","1","C","AB13_v2.2","","nonsynonymous","-1","SF3583","11","","SNP"
"*","322","E","","TAA","322","1","","GAA","5.71842194e-02","ACIAD2157","964","hypothetical protein","<","","ACIAD2157","","","ACIAD2157","","ACIAD2157","","snp_nonsense","","4","1","A","","2193630","2193630","2193630","66","1","C","AB13_v2.2","","nonsense","-1","SF3583","11","","SNP"
"C","10","G","","TGT","10","1","","GGT","5.55491447e-02","ACIAD2168","28","phage-like protein","<","","ACIAD2168","","","ACIAD2168","","ACIAD2168","","snp_nonsynonymous","","4","1","A","","2200630","2200630","2200630","68","1","C","AB13_v2.2","","nonsynonymous","-1","SF3583","11","","SNP"
"S","442","A","","TCT","442","1","","GCT","8.15267563e-02","ACIAD2216","1324","ATP-dependent protease",">","","ACIAD2216","","","ACIAD2216","","ACIAD2216","","snp_nonsynonymous","","4","1","T","","2239026","2239026","2239026","45","1","G","AB13_v2.2","","nonsynonymous","-1","SF3583","11","","SNP"
"K","86","K","","AAG","86","3","","AAA","5.87501526e-02","ACIAD2218","258","hypothetical protein","<","","ACIAD2218","","","ACIAD2218","","ACIAD2218","","snp_synonymous","","4","1","C","","2241578","2241578","2241578","64","1","T","AB13_v2.2","","synonymous","-1","SF3583","11","","SNP"
"T","427","P","","ACG","427","1","","CCG","6.75826073e-02","pepD","1279","aminoacyl-histidine dipeptidase","<","","pepD","","","ACIAD2220","","ACIAD2220","","snp_nonsynonymous","","5","1","T","","2242897","2242897","2242897","62","1","G","AB13_v2.2","","nonsynonymous","-1","SF3583","11","","SNP"
"C","346","R","","TGT","346","1","","CGT","6.27136230e-02","ACIAD2246","1036","porin",">","","ACIAD2246","","","ACIAD2246","","ACIAD2246","","snp_nonsynonymous","","4","1","T","","2269335","2269335","2269335","62","1","C","AB13_v2.2","","nonsynonymous","-1","SF3583","11","","SNP"
"A","169","A","","GCT","169","3","","GCC","6.08735085e-02","cydB","507","cytochrome d terminal oxidase polypeptide subunit II",">","","cydB","","","ACIAD2291","","ACIAD2291","","snp_synonymous","","4","1","T","","2315304","2315304","2315304","61","1","C","AB13_v2.2","","synonymous","-1","SF3583","11","","SNP"
"Y","278","D","","TAT","278","1","","GAT","9.83557701e-02","glcB","832","malate synthase G","<","","glcB","","","ACIAD2335","","ACIAD2335","","snp_nonsynonymous","","6","1","A","","2352396","2352396","2352396","55","1","C","AB13_v2.2","","nonsynonymous","-1","SF3583","11","","SNP"
"V","117","V","","GTT","117","3","","GTG","7.68165588e-02","xcpW","351","general secretion pathway protein J","<","","xcpW","","","ACIAD2355","","ACIAD2355","","snp_synonymous","","4","1","A","","2369225","2369225","2369225","48","1","C","AB13_v2.2","","synonymous","-1","SF3583","11","","SNP"
"","","","","","","","","","1","gidB","coding (243/639 nt)","16S rRNA methyltransferase GidB","<","gidB","","","","ACIAD2368","ACIAD2368","","","small_indel","","51","1","","","2379213","2379213","2379213","2","1","C","AB13_v2.2","1","","-1","SF3583","","","DEL"
"","","","","","","","","","6.25181198e-02","hfq/miaA","intergenic (-10/+81)","host factor I for bacteriophage Q beta replication, a growth-related protein/tRNA delta(2)-isopentenylpyrophosphate transferase","</<","","","hfq","","ACIAD2373/ACIAD2374","","","ACIAD2373","snp_intergenic","","4","1","A","","2385865","2385865","2385865","60","1","C","AB13_v2.2","","intergenic","-1","SF3583","","","SNP"
"*","156","Q","","TAG","156","1","","CAG","5.95974922e-02","copA","466","copper transporting ATPase",">","copA","","","","ACIAD2400","ACIAD2400","","","snp_nonsense","","4","1","T","","2408976","2408976","2408976","63","1","C","AB13_v2.2","","nonsense","-1","SF3583","11","","SNP"
"H","703","Q","","CAT","703","3","","CAG","7.65814781e-02","ACIAD2403","2109","hypothetical protein","<","","ACIAD2403","","","ACIAD2403","","ACIAD2403","","snp_nonsynonymous","","4","1","A","","2416320","2416320","2416320","48","1","C","AB13_v2.2","","nonsynonymous","-1","SF3583","11","","SNP"
"","","","","","","","","","9.68275070e-02","ACIAD2546/ACIAD2547","intergenic (-99/-35)","hypothetical protein/GntR family transcriptional regulator","</>","","","ACIAD2546","","ACIAD2546/ACIAD2547","","","ACIAD2546","snp_intergenic","","6","1","A","","2558805","2558805","2558805","56","1","C","AB13_v2.2","","intergenic","-1","SF3583","","","SNP"
"V","117","G","","GTG","117","2","","GGG","7.68804550e-02","ACIAD2549","350","sarcosine oxidase gamma subunit protein (SoxG)","<","","ACIAD2549","","","ACIAD2549","","ACIAD2549","","snp_nonsynonymous","","4","1","A","","2560290","2560290","2560290","48","1","C","AB13_v2.2","","nonsynonymous","-1","SF3583","11","","SNP"
"E","40","G","","GAG","40","2","","GGG","7.53755569e-02","obgE","119","GTPase ObgE","<","","obgE","","","ACIAD2561","","ACIAD2561","","snp_nonsynonymous","","4","1","T","","2574029","2574029","2574029","49","1","C","AB13_v2.2","","nonsynonymous","-1","SF3583","11","","SNP"
"Q","213","Q","","CAA","213","3","","CAG","7.13152885e-02","ACIAD2589","639","periplasmic solute-binding protein","<","","ACIAD2589","","","ACIAD2589","","ACIAD2589","","snp_synonymous","","4","1","T","","2599890","2599890","2599890","52","1","C","AB13_v2.2","","synonymous","-1","SF3583","11","","SNP"
"P","86","P","","CCT","86","3","","CCG","6.76980019e-02","ruvB","258","Holliday junction DNA helicase RuvB",">","","ruvB","","","ACIAD2615","","ACIAD2615","","snp_synonymous","","4","1","T","","2622692","2622692","2622692","55","1","G","AB13_v2.2","","synonymous","-1","SF3583","11","","SNP"
"","","","","","","","","","1.02835178e-01","tolR/tolB","intergenic (+495/-614)","group A colicins tolerance protein/translocation protein TolB",">/>","","","tolB","","ACIAD2620/ACIAD2622","","","ACIAD2622","snp_intergenic","","11","1","C","","2626516","2626516","2626516","93","1","A","AB13_v2.2","","intergenic","-1","SF3583","","","SNP"
"","","","","","","","","","1","tolR/tolB","intergenic (+520/-560)","group A colicins tolerance protein/translocation protein TolB",">/>","","","tolB","","ACIAD2620/ACIAD2622","","","ACIAD2622","large_substitution","","12","1","ACTGCTAAAGCCAAAAACGAAGCAGAGGCCAAAGCAAAAGCCGAGGCTGCTGCTAAAGCCAAACGCGAAGCAGATGCTAAAGCAAAAGCCGAGGCTACTGCTAAAGCCAAAAACGAAGCAGAGGCC","","2626541","2626570","2626541","14","2","30-bp","AB13_v2.2","30","","-1","SF3583","","","SUB"
"","","","","","","","","","9.23636364e-01","tolR/tolB","intergenic (+567/-542)","group A colicins tolerance protein/translocation protein TolB",">/>","","","tolB","1","ACIAD2620/ACIAD2622","","","ACIAD2622","large_insertion","","20","1","ACTGCTAAAGCCAAAAACGAAGCAGAGGCCAAAGCAAAAGCCGAGGCTGCTGCTAAAGCCAAACGCGAAGCAGATGCTAAAGCAAAAGCCGAGGCTACTGCTAAAGCCAAACGCGAAGCAGATGCTAAAGCAAAAGCCGAGGCT","","2626588","2626588","2626588","14","2","T","AB13_v2.2","","","-1","SF3583","","","INS"
"*","165","Y","","TAA","165","3","","TAC","5.40699959e-02","ACIAD2637","495","protease; signal peptide peptidase sppA","<","ACIAD2637","","","","ACIAD2637","ACIAD2637","","","snp_nonsense","","4","1","T","","2642272","2642272","2642272","70","1","G","AB13_v2.2","","nonsense","-1","SF3583","11","","SNP"
"L","228","L","","CTT","228","3","","CTG","6.44097328e-02","ACIAD2650","684","hypothetical protein",">","","ACIAD2650","","","ACIAD2650","","ACIAD2650","","snp_synonymous","","4","1","T","","2656094","2656094","2656094","58","1","G","AB13_v2.2","","synonymous","-1","SF3583","11","","SNP"
"T","151","I","","ACC","151","2","","ATC","5.70731163e-02","ACIAD2700","452","hypothetical protein","<","","ACIAD2700","","","ACIAD2700","","ACIAD2700","","snp_nonsynonymous","","4","1","G","","2710168","2710168","2710168","66","1","A","AB13_v2.2","","nonsynonymous","-1","SF3583","11","","SNP"
"","","","","","","","","","7.27219582e-02","ACIAD2727/ACIAD2728","intergenic (+6/+270)","transcriptional regulator/hypothetical protein",">/<","","","ACIAD2728","","ACIAD2727/ACIAD2728","","","ACIAD2728","snp_intergenic","","4","1","A","","2725208","2725208","2725208","51","1","C","AB13_v2.2","","intergenic","-1","SF3583","","","SNP"
"H","17","Q","","CAT","17","3","","CAG","7.99784660e-02","ACIAD2728","51","hypothetical protein","<","","ACIAD2728","","","ACIAD2728","","ACIAD2728","","snp_nonsynonymous","","4","1","A","","2725622","2725622","2725622","46","1","C","AB13_v2.2","","nonsynonymous","-1","SF3583","11","","SNP"
"V","81","A","","GTA","81","2","","GCA","5.05485535e-02","ACIAD2743","242","amino acid efflux transmembrane protein",">","","ACIAD2743","","","ACIAD2743","","ACIAD2743","","snp_nonsynonymous","","4","1","T","","2738104","2738104","2738104","75","1","C","AB13_v2.2","","nonsynonymous","-1","SF3583","11","","SNP"
"S","37","A","","TCA","37","1","","GCA","5.46860695e-02","prpB","109","2-methylisocitrate lyase","<","","prpB","","","ACIAD2758","","ACIAD2758","","snp_nonsynonymous","","4","1","A","","2749853","2749853","2749853","69","1","C","AB13_v2.2","","nonsynonymous","-1","SF3583","11","","SNP"
"","","","","","","","","","5.54771423e-02","ACIAD2760/ACIAD2761","intergenic (+35/+110)","hypothetical protein/multidrug resistance pump",">/<","","","ACIAD2761","","ACIAD2760/ACIAD2761","","","ACIAD2761","snp_intergenic","","4","1","G","","2751110","2751110","2751110","68","1","A","AB13_v2.2","","intergenic","-1","SF3583","","","SNP"
"*","1608","S","","TAA","1608","2","","TCA","5.78889847e-02","ACIAD2784","4823","hemagglutinin","<","","ACIAD2784","","","ACIAD2784","","ACIAD2784","","snp_nonsense","","4","1","T","","2782119","2782119","2782119","65","1","G","AB13_v2.2","","nonsense","-1","SF3583","11","","SNP"
"F","1572","L","","TTC","1572","1","","CTC","5.62582016e-02","ACIAD2784","4714","hemagglutinin","<","","ACIAD2784","","","ACIAD2784","","ACIAD2784","","snp_nonsynonymous","","4","1","A","","2782228","2782228","2782228","67","1","G","AB13_v2.2","","nonsynonymous","-1","SF3583","11","","SNP"
"M","803","L","","ATG","803","1","","CTG","7.40094185e-02","ACIAD2784","2407","hemagglutinin","<","","ACIAD2784","","","ACIAD2784","","ACIAD2784","","snp_nonsynonymous","","4","1","T","","2784535","2784535","2784535","50","1","G","AB13_v2.2","","nonsynonymous","-1","SF3583","11","","SNP"
"","","","","","","","","","5.32517433e-02","ACIADtRNASer_49/greB","intergenic (-532/+211)","tRNA-Ser/transcription elongation factor and transcript cleavage","</<","","","","","ACIADtRNASer_49/ACIAD2814","","","","snp_intergenic","","4","1","G","","2804600","2804600","2804600","71","1","A","AB13_v2.2","","intergenic","-1","SF3583","","","SNP"
"*","59","E","","TAG","59","1","","GAG","5.47142029e-02","ACIAD2851","175","hypothetical protein","<","ACIAD2851","","","","ACIAD2851","ACIAD2851","","","snp_nonsense","","4","1","A","","2842819","2842819","2842819","69","1","C","AB13_v2.2","","nonsense","-1","SF3583","11","","SNP"
"L","38","R","","CTT","38","2","","CGT","5.11746407e-02","ftsJ","113","cell division protein","<","","ftsJ","","","ACIAD2854","","ACIAD2854","","snp_nonsynonymous","","4","1","A","","2846618","2846618","2846618","73","1","C","AB13_v2.2","","nonsynonymous","-1","SF3583","11","","SNP"
"Q","118","Q","","CAA","118","3","","CAG","7.26485252e-02","ACIAD2890","354","signal peptide","<","","ACIAD2890","","","ACIAD2890","","ACIAD2890","","snp_synonymous","","4","1","T","","2887373","2887373","2887373","51","1","C","AB13_v2.2","","synonymous","-1","SF3583","11","","SNP"
"L","123","P","","CTC","123","2","","CCC","5.62124252e-02","pth","368","peptidyl-tRNA hydrolase",">","","pth","","","ACIAD2909","","ACIAD2909","","snp_nonsynonymous","","4","1","T","","2902627","2902627","2902627","69","1","C","AB13_v2.2","","nonsynonymous","-1","SF3583","11","","SNP"
"Y","281","D","","TAT","281","1","","GAT","1.03547573e-01","rpoD","841","sigma D (sigma 70) factor of RNA polymerase, major sigma factor during exponential growth",">","","rpoD","","","ACIAD2925","","ACIAD2925","","snp_nonsynonymous","","8","1","T","","2911808","2911808","2911808","53","1","G","AB13_v2.2","","nonsynonymous","-1","SF3583","11","","SNP"
"D","151","G","","GAC","151","2","","GGC","6.77127838e-02","lipB","452","lipoate-protein ligase B",">","","lipB","","","ACIAD2927","","ACIAD2927","","snp_nonsynonymous","","4","1","A","","2913772","2913772","2913772","55","1","G","AB13_v2.2","","nonsynonymous","-1","SF3583","11","","SNP"
"H","131","P","","CAC","131","2","","CCC","7.18221664e-02","ACIAD2929","392","alcohol dehydrogenase",">","","ACIAD2929","","","ACIAD2929","","ACIAD2929","","snp_nonsynonymous","","5","1","A","","2914986","2914986","2914986","58","1","C","AB13_v2.2","","nonsynonymous","-1","SF3583","11","","SNP"
"A","383","A","","GCC","383","3","","GCT","7.26623535e-02","kdpD","1149","sensory kinase in two-component regulatory system wtih KdpE, regulates high-affinity potassium transport system","<","","kdpD","","","ACIAD2975","","ACIAD2975","","snp_synonymous","","4","1","G","","2959032","2959032","2959032","51","1","A","AB13_v2.2","","synonymous","-1","SF3583","11","","SNP"
"","","","","","","","","","5.32875061e-02","ACIAD2987/ACIAD2988","intergenic (-177/-6)","kinase/acetyl-CoA acetyltransferase","</>","","","","","ACIAD2987/ACIAD2988","","","","snp_intergenic","","4","1","T","","2975452","2975452","2975452","71","1","G","AB13_v2.2","","intergenic","-1","SF3583","","","SNP"
"T","53","A","","ACC","53","1","","GCC","9.51595306e-02","ohr","157","organic hydroperoxide resistance protein",">","","ohr","","","ACIAD3023","","ACIAD3023","","snp_nonsynonymous","","4","1","A","","3008640","3008640","3008640","38","1","G","AB13_v2.2","","nonsynonymous","-1","SF3583","11","","SNP"
"T","511","K","","ACG","511","2","","AAG","5.64236641e-02","ACIAD3056","1532","acyl-CoA synthetase",">","","ACIAD3056","","","ACIAD3056","","ACIAD3056","","snp_nonsynonymous","","4","1","C","","3041494","3041494","3041494","67","1","A","AB13_v2.2","","nonsynonymous","-1","SF3583","11","","SNP"
"V","123","V","","GTA","123","3","","GTC","5.62572479e-02","folK","369","2-amino-4-hydroxy-6- hydroxymethyldihydropteridine pyrophosphokinase","<","","folK","","","ACIAD3062","","ACIAD3062","","snp_synonymous","","4","1","T","","3045182","3045182","3045182","67","1","G","AB13_v2.2","","synonymous","-1","SF3583","11","","SNP"
"K","159","T","","AAA","159","2","","ACA","7.39688873e-02","ACIAD3074","476","3-hydroxyisobutyrate dehydrogenase",">","","ACIAD3074","","","ACIAD3074","","ACIAD3074","","snp_nonsynonymous","","4","1","A","","3059058","3059058","3059058","50","1","C","AB13_v2.2","","nonsynonymous","-1","SF3583","11","","SNP"
"W","511","R","","TGG","511","1","","CGG","5.87391853e-02","macB","1531","macrolide ABC transporter ATP-binding/membrane protein",">","","macB","","","ACIAD3110","","ACIAD3110","","snp_nonsynonymous","","4","1","T","","3092421","3092421","3092421","64","1","C","AB13_v2.2","","nonsynonymous","-1","SF3583","11","","SNP"
"V","82","A","","GTT","82","2","","GCT","7.26461411e-02","ACIAD3134","245","hypothetical protein",">","","ACIAD3134","","","ACIAD3134","","ACIAD3134","","snp_nonsynonymous","","4","1","T","","3116353","3116353","3116353","51","1","C","AB13_v2.2","","nonsynonymous","-1","SF3583","11","","SNP"
"N","108","N","","AAC","108","3","","AAT","6.34207726e-02","phoL","324","phosphate starvation-inducible protein (PhoH-like)",">","","phoL","","","ACIAD3159","","ACIAD3159","","snp_synonymous","","4","1","C","","3143882","3143882","3143882","59","1","T","AB13_v2.2","","synonymous","-1","SF3583","11","","SNP"
"V","17","A","","GTC","17","2","","GCC","5.17888069e-02","ACIAD3160","50","hypothetical protein",">","","ACIAD3160","","","ACIAD3160","","ACIAD3160","","snp_nonsynonymous","","4","1","T","","3144774","3144774","3144774","73","1","C","AB13_v2.2","","nonsynonymous","-1","SF3583","11","","SNP"
"N","28","H","","AAT","28","1","","CAT","9.52472687e-02","xpt","82","xanthine phosphoribosyltransferase",">","","xpt","","","ACIAD3164","","ACIAD3164","","snp_nonsynonymous","","6","1","A","","3149678","3149678","3149678","57","1","C","AB13_v2.2","","nonsynonymous","-1","SF3583","11","","SNP"
"L","168","V","","TTG","168","1","","GTG","9.99703407e-02","ACIAD3168","502","ribonuclease (Rbn)",">","","ACIAD3168","","","ACIAD3168","","ACIAD3168","","snp_nonsynonymous","","4","1","T","","3152684","3152684","3152684","36","1","G","AB13_v2.2","","nonsynonymous","-1","SF3583","11","","SNP"
"F","298","L","","TTT","298","3","","TTG","6.24227524e-02","fadE","894","acyl coenzyme A dehydrogenase",">","","fadE","","","ACIAD3191","","ACIAD3191","","snp_nonsynonymous","","4","1","T","","3175956","3175956","3175956","60","1","G","AB13_v2.2","","nonsynonymous","-1","SF3583","11","","SNP"
"V","135","A","","GTT","135","2","","GCT","6.44330978e-02","rplO","404","50S ribosomal protein L15","<","","rplO","","","ACIAD3200","","ACIAD3200","","snp_nonsynonymous","","4","1","A","","3182428","3182428","3182428","58","1","G","AB13_v2.2","","nonsynonymous","-1","SF3583","11","","SNP"
"A","358","A","","GCA","358","3","","GCC","9.29183960e-02","recG","1074","ATP-dependent DNA helicase RecG",">","","recG","","","ACIAD3235","","ACIAD3235","","snp_synonymous","","4","1","A","","3208255","3208255","3208255","39","1","C","AB13_v2.2","","synonymous","-1","SF3583","11","","SNP"
"T","28","T","","ACG","28","3","","ACA","5.78932762e-02","ribA","84","GTP cyclohydrolase II",">","","ribA","","","ACIAD3249","","ACIAD3249","","snp_synonymous","","4","1","G","","3221233","3221233","3221233","65","1","A","AB13_v2.2","","synonymous","-1","SF3583","11","","SNP"
"I","2","T","","ATA","2","2","","ACA","6.34231567e-02","ACIAD3321","5","type 4 fimbrial biogenesis protein (FimU)","<","","ACIAD3321","","","ACIAD3321","","ACIAD3321","","snp_nonsynonymous","","4","1","A","","3277501","3277501","3277501","59","1","G","AB13_v2.2","","nonsynonymous","-1","SF3583","11","","SNP"
"","","","","","","","","","1","ACIAD3321/ispH","intergenic (-93/+34)","type 4 fimbrial biogenesis protein (FimU)/4-hydroxy-3-methylbut-2-enyl diphosphate reductase","</<","","","ACIAD3321","","ACIAD3321/ACIAD3322","","","ACIAD3321","snp_intergenic","","51","1","T","","3277598","3277598","3277598","3","1","C","AB13_v2.2","","intergenic","-1","SF3583","","","SNP"
"H","194","H","","CAC","194","3","","CAT","7.53936768e-02","gmk","582","guanylate kinase",">","","gmk","","","ACIAD3324","","ACIAD3324","","snp_synonymous","","4","1","C","","3279298","3279298","3279298","49","1","T","AB13_v2.2","","synonymous","-1","SF3583","11","","SNP"
"L","73","L","","CTT","73","3","","CTG","7.00736046e-02","ACIAD3386","219","hypothetical protein","<","","ACIAD3386","","","ACIAD3386","","ACIAD3386","","snp_synonymous","","4","1","A","","3351249","3351249","3351249","53","1","C","AB13_v2.2","","synonymous","-1","SF3583","11","","SNP"
"V","1029","V","","GTA","1029","3","","GTG","6.05220795e-02","mdtC","3087","RND family multidrug transporter outer membrane protein","<","","mdtC","","","ACIAD3422","","ACIAD3422","","snp_synonymous","","4","1","T","","3381964","3381964","3381964","62","1","C","AB13_v2.2","","synonymous","-1","SF3583","11","","SNP"
"A","378","A","","GCA","378","3","","GCC","6.54759407e-02","ACIAD3425","1134","hypothetical protein","<","","ACIAD3425","","","ACIAD3425","","ACIAD3425","","snp_synonymous","","4","1","T","","3390376","3390376","3390376","57","1","G","AB13_v2.2","","synonymous","-1","SF3583","11","","SNP"
"*","194","Q","","TAG","194","1","","CAG","7.86952972e-02","ACIAD3465","580","two-component sensor",">","ACIAD3465","","","","ACIAD3465","ACIAD3465","","","snp_nonsense","","4","1","T","","3440957","3440957","3440957","46","1","C","AB13_v2.2","","nonsense","-1","SF3583","11","","SNP"
"N","145","D","","AAC","145","1","","GAC","5.77735901e-02","ACIAD3586","433","lipoprotein",">","","ACIAD3586","","","ACIAD3586","","ACIAD3586","","snp_nonsynonymous","","4","1","A","","3555790","3555790","3555790","65","1","G","AB13_v2.2","","nonsynonymous","-1","SF3583","11","","SNP"
"A","184","A","","GCT","184","3","","GCG","7.17148781e-02","ACIAD3588","552","amino acid ABC transporter substrate-binding protein",">","","ACIAD3588","","","ACIAD3588","","ACIAD3588","","snp_synonymous","","5","1","T","","3557664","3557664","3557664","58","1","G","AB13_v2.2","","synonymous","-1","SF3583","11","","SNP"
"","","","","","","","","","8.44287872e-02","ACIAD3592/ACIAD3593","intergenic (+77/-153)","amino acid ABC transporter ATP-binding protein/hypothetical protein",">/>","","","ACIAD3593","","ACIAD3592/ACIAD3593","","","ACIAD3593","snp_intergenic","","6","1","T","","3560184","3560184","3560184","65","1","C","AB13_v2.2","","intergenic","-1","SF3583","","","SNP"
"L","211","R","","CTT","211","2","","CGT","5.39455414e-02","ACIAD3629","632","transcriptional regulator",">","","ACIAD3629","","","ACIAD3629","","ACIAD3629","","snp_nonsynonymous","","4","1","T","","3593826","3593826","3593826","70","1","G","AB13_v2.2","","nonsynonymous","-1","SF3583","11","","SNP"
"V","463","V","","GTT","463","3","","GTG","6.50420189e-02","ACIAD3636","1389","dihydroxy-acid dehydratase","<","","ACIAD3636","","","ACIAD3636","","ACIAD3636","","snp_synonymous","","5","1","A","","3598258","3598258","3598258","63","1","C","AB13_v2.2","","synonymous","-1","SF3583","11","","SNP"
"*","100","E","","TAA","100","1","","GAA","8.71720314e-02","hpt","298","hypoxanthine phosphoribosyltransferase",">","hpt","","","","ACIAD3669","ACIAD3669","","","snp_nonsense","","6","1","T","","3634449","3634449","3634449","62","1","G","AB13_v2.2","","nonsense","-1","SF3583","11","","SNP"
