"aa_new_seq","aa_position","aa_ref_seq","clone","codon_new_seq","codon_number","codon_position","codon_position_is_indeterminate","codon_ref_seq","frequency","gene_name","gene_position","gene_product","gene_strand","genes_inactivated","genes_overlapping","genes_promoter","insert_position","locus_tag","locus_tags_inactivated","locus_tags_overlapping","locus_tags_promoter","multiple_polymorphic_SNPs_in_same_codon","mutation_category","mutator_status","new_read_count","new_read_count_basis","new_seq","population","position","position_end","position_start","ref_read_count","ref_read_count_basis","ref_seq","repeat_length","repeat_new_copies","repeat_ref_copies","repeat_seq","seq_id","size","snp_type","time","title","transl_table","treatment","type"
"","","","","","","","","","1.04572773e-01","ACIAD0074/rmlB","intergenic (+1053/-224)","glycosyl transferase/dTDP-D-glucose-4,6-dehydratase",">/>","","","rmlB","","ACIAD0074/ACIAD0076","","","ACIAD0076","","snp_intergenic","","48","1","A","","72346","72346","72346","267","1","C","","","","","AB13_v2.2","","intergenic","-1","SF5203","","","SNP"
"A","62","D","","GCC","62","2","","GAC","1.82644844e-01","ACIAD0083","185","polysaccharide polymerase",">","","ACIAD0083","","","ACIAD0083","","ACIAD0083","","","snp_nonsynonymous","","62","1","C","","78335","78335","78335","276","1","A","","","","","AB13_v2.2","","nonsynonymous","-1","SF5203","11","","SNP"
"","","","","","","","","","9.95423341e-02","ACIAD0083","coding (373/966 nt)","polysaccharide polymerase",">","ACIAD0083","","","1","ACIAD0083","ACIAD0083","","","","small_indel","","13","1","TAGCATTAGCAT","","78523","78523","78523","232","2","A","","","","","AB13_v2.2","","","-1","SF5203","","","INS"
"","","","","","","","","","2.47282029e-01","ACIAD0083","coding (374-379/966 nt)","polysaccharide polymerase",">","ACIAD0083","","","","ACIAD0083","ACIAD0083","","","","small_indel","","40","1","","","78524","78529","78524","268","2","TAGCAT","","","","","AB13_v2.2","6","","-1","SF5203","","","DEL"
"","","","","","","","","","4.39146194e-01","ACIAD0083","coding (379/966 nt)","polysaccharide polymerase",">","ACIAD0083","","","1","ACIAD0083","ACIAD0083","","","","small_indel","","94","1","TAGCAT","","78529","78529","78529","262","2","T","6","2","1","TAGCAT","AB13_v2.2","","","-1","SF5203","","","INS"
"","","","","","","","","","1.40029300e-01","ACIAD0085","coding (177/798 nt)","glycosyl transferase",">","ACIAD0085","","","1","ACIAD0085","ACIAD0085","","","","small_indel","","55","1","TTTGGC","","80344","80344","80344","671","2","T","","","","","AB13_v2.2","","","-1","SF5203","","","INS"
"R","207","R","","CGT","207","3","","CGC","5.74564934e-02","tufB","621","elongation factor Tu",">","","tufB","","","ACIAD0299","","ACIAD0299","","","snp_synonymous","","23","1","T","","297648","297648","297648","379","1","C","","","","","AB13_v2.2","","synonymous","-1","SF5203","11","","SNP"
"P","208","A","","CCA","208","1","","GCA","5.73201180e-02","tufB","622","elongation factor Tu",">","","tufB","","","ACIAD0299","","ACIAD0299","","","snp_nonsynonymous","","23","1","C","","297649","297649","297649","379","1","G","","","","","AB13_v2.2","","nonsynonymous","-1","SF5203","11","","SNP"
"Q","211","K","","CAA","211","1","","AAA","5.50918579e-02","tufB","631","elongation factor Tu",">","","tufB","","","ACIAD0299","","ACIAD0299","","1","snp_nonsynonymous","","23","1","C","","297658","297658","297658","394","1","A","","","","","AB13_v2.2","","nonsynonymous","-1","SF5203","11","","SNP"
"K","211","K","","AAG","211","3","","AAA","5.52926064e-02","tufB","633","elongation factor Tu",">","","tufB","","","ACIAD0299","","ACIAD0299","","1","snp_synonymous","","23","1","G","","297660","297660","297660","393","1","A","","","","","AB13_v2.2","","synonymous","-1","SF5203","11","","SNP"
"P","212","A","","CCA","212","1","","GCA","5.69548607e-02","tufB","634","elongation factor Tu",">","","tufB","","","ACIAD0299","","ACIAD0299","","","snp_nonsynonymous","","24","1","C","","297661","297661","297661","394","1","G","","","","","AB13_v2.2","","nonsynonymous","-1","SF5203","11","","SNP"
"L","214","L","","CTG","214","1","","TTG","7.18326569e-02","tufB","640","elongation factor Tu",">","","tufB","","","ACIAD0299","","ACIAD0299","","","snp_synonymous","","33","1","C","","297667","297667","297667","426","1","T","","","","","AB13_v2.2","","synonymous","-1","SF5203","11","","SNP"
"V","220","V","","GTG","220","3","","GTA","7.67145157e-02","tufB","660","elongation factor Tu",">","","tufB","","","ACIAD0299","","ACIAD0299","","","snp_synonymous","","33","1","G","","297687","297687","297687","397","1","A","","","","","AB13_v2.2","","synonymous","-1","SF5203","11","","SNP"
"S","224","S","","TCG","224","3","","TCT","7.93132782e-02","tufB","672","elongation factor Tu",">","","tufB","","","ACIAD0299","","ACIAD0299","","","snp_synonymous","","33","1","G","","297699","297699","297699","382","1","T","","","","","AB13_v2.2","","synonymous","-1","SF5203","11","","SNP"
"V","14","V","","GTA","14","3","","GTC","6.24351501e-02","ACIAD0312","42","hypothetical protein",">","","ACIAD0312","","","ACIAD0312","","ACIAD0312","","","snp_synonymous","","38","1","A","","311736","311736","311736","314","1","C","","","","","AB13_v2.2","","synonymous","-1","SF5203","11","","SNP"
"R","200","R","","CGC","200","3","","CGT","9.32059288e-02","clpX","600","ATP-dependent protease ATP-binding subunit ClpX",">","","clpX","","","ACIAD0535","","ACIAD0535","","","snp_synonymous","","39","1","C","","521254","521254","521254","378","1","T","","","","","AB13_v2.2","","synonymous","-1","SF5203","11","","SNP"
"V","202","V","","GTG","202","3","","GTA","1.07167244e-01","clpX","606","ATP-dependent protease ATP-binding subunit ClpX",">","","clpX","","","ACIAD0535","","ACIAD0535","","","snp_synonymous","","42","1","G","","521260","521260","521260","349","1","A","","","","","AB13_v2.2","","synonymous","-1","SF5203","11","","SNP"
"S","203","S","","TCG","203","3","","TCT","1.12810612e-01","clpX","609","ATP-dependent protease ATP-binding subunit ClpX",">","","clpX","","","ACIAD0535","","ACIAD0535","","","snp_synonymous","","43","1","G","","521263","521263","521263","337","1","T","","","","","AB13_v2.2","","synonymous","-1","SF5203","11","","SNP"
"V","207","V","","GTT","207","3","","GTG","1.19586945e-01","clpX","621","ATP-dependent protease ATP-binding subunit ClpX",">","","clpX","","","ACIAD0535","","ACIAD0535","","","snp_synonymous","","48","1","T","","521275","521275","521275","353","1","G","","","","","AB13_v2.2","","synonymous","-1","SF5203","11","","SNP"
"Q","208","Q","","CAG","208","3","","CAA","1.21653080e-01","clpX","624","ATP-dependent protease ATP-binding subunit ClpX",">","","clpX","","","ACIAD0535","","ACIAD0535","","","snp_synonymous","","48","1","G","","521278","521278","521278","345","1","A","","","","","AB13_v2.2","","synonymous","-1","SF5203","11","","SNP"
"L","211","L","","CTT","211","3","","CTA","1.37264252e-01","clpX","633","ATP-dependent protease ATP-binding subunit ClpX",">","","clpX","","","ACIAD0535","","ACIAD0535","","","snp_synonymous","","54","1","T","","521287","521287","521287","337","1","A","","","","","AB13_v2.2","","synonymous","-1","SF5203","11","","SNP"
"L","212","L","","CTG","212","1","","TTG","1.34585381e-01","clpX","634","ATP-dependent protease ATP-binding subunit ClpX",">","","clpX","","","ACIAD0535","","ACIAD0535","","","snp_synonymous","","54","1","C","","521288","521288","521288","347","1","T","","","","","AB13_v2.2","","synonymous","-1","SF5203","11","","SNP"
"I","214","M","","ATC","214","3","","ATG","1.76190376e-01","clpX","642","ATP-dependent protease ATP-binding subunit ClpX",">","","clpX","","","ACIAD0535","","ACIAD0535","","","snp_nonsynonymous","","67","1","C","","521296","521296","521296","313","1","G","","","","","AB13_v2.2","","nonsynonymous","-1","SF5203","11","","SNP"
"M","215","I","","ATG","215","3","","ATC","1.67666435e-01","clpX","645","ATP-dependent protease ATP-binding subunit ClpX",">","","clpX","","","ACIAD0535","","ACIAD0535","","","snp_nonsynonymous","","67","1","G","","521299","521299","521299","331","1","C","","","","","AB13_v2.2","","nonsynonymous","-1","SF5203","11","","SNP"
"T","218","T","","ACC","218","3","","ACA","1.80202007e-01","clpX","654","ATP-dependent protease ATP-binding subunit ClpX",">","","clpX","","","ACIAD0535","","ACIAD0535","","","snp_synonymous","","75","1","C","","521308","521308","521308","341","1","A","","","","","AB13_v2.2","","synonymous","-1","SF5203","11","","SNP"
"S","221","S","","TCC","221","3","","TCG","1.75797939e-01","clpX","663","ATP-dependent protease ATP-binding subunit ClpX",">","","clpX","","","ACIAD0535","","ACIAD0535","","","snp_synonymous","","74","1","C","","521317","521317","521317","347","1","G","","","","","AB13_v2.2","","synonymous","-1","SF5203","11","","SNP"
"V","222","I","","GTT","222","1","","ATT","1.76309109e-01","clpX","664","ATP-dependent protease ATP-binding subunit ClpX",">","","clpX","","","ACIAD0535","","ACIAD0535","","1","snp_nonsynonymous","","74","1","G","","521318","521318","521318","345","1","A","","","","","AB13_v2.2","","nonsynonymous","-1","SF5203","11","","SNP"
"I","222","I","","ATA","222","3","","ATT","1.79539680e-01","clpX","666","ATP-dependent protease ATP-binding subunit ClpX",">","","clpX","","","ACIAD0535","","ACIAD0535","","1","snp_synonymous","","74","1","A","","521320","521320","521320","338","1","T","","","","","AB13_v2.2","","synonymous","-1","SF5203","11","","SNP"
"P","224","P","","CCG","224","3","","CCA","1.70373917e-01","clpX","672","ATP-dependent protease ATP-binding subunit ClpX",">","","clpX","","","ACIAD0535","","ACIAD0535","","","snp_synonymous","","75","1","G","","521326","521326","521326","365","1","A","","","","","AB13_v2.2","","synonymous","-1","SF5203","11","","SNP"
"Q","225","Q","","CAG","225","3","","CAA","1.70629501e-01","clpX","675","ATP-dependent protease ATP-binding subunit ClpX",">","","clpX","","","ACIAD0535","","ACIAD0535","","","snp_synonymous","","75","1","G","","521329","521329","521329","364","1","A","","","","","AB13_v2.2","","synonymous","-1","SF5203","11","","SNP"
"G","226","G","","GGC","226","3","","GGT","1.77190304e-01","clpX","678","ATP-dependent protease ATP-binding subunit ClpX",">","","clpX","","","ACIAD0535","","ACIAD0535","","","snp_synonymous","","75","1","C","","521332","521332","521332","348","1","T","","","","","AB13_v2.2","","synonymous","-1","SF5203","11","","SNP"
"R","228","R","","CGC","228","3","","CGT","1.74401760e-01","clpX","684","ATP-dependent protease ATP-binding subunit ClpX",">","","clpX","","","ACIAD0535","","ACIAD0535","","","snp_synonymous","","79","1","C","","521338","521338","521338","374","1","T","","","","","AB13_v2.2","","synonymous","-1","SF5203","11","","SNP"
"F","235","F","","TTC","235","3","","TTT","1.43516064e-01","clpX","705","ATP-dependent protease ATP-binding subunit ClpX",">","","clpX","","","ACIAD0535","","ACIAD0535","","","snp_synonymous","","58","1","C","","521359","521359","521359","345","1","T","","","","","AB13_v2.2","","synonymous","-1","SF5203","11","","SNP"
"L","236","I","","CTT","236","1","","ATT","1.41146183e-01","clpX","706","ATP-dependent protease ATP-binding subunit ClpX",">","","clpX","","","ACIAD0535","","ACIAD0535","","1","snp_nonsynonymous","","58","1","C","","521360","521360","521360","351","1","A","","","","","AB13_v2.2","","nonsynonymous","-1","SF5203","11","","SNP"
"M","236","I","","ATG","236","3","","ATT","1.41973495e-01","clpX","708","ATP-dependent protease ATP-binding subunit ClpX",">","","clpX","","","ACIAD0535","","ACIAD0535","","1","snp_nonsynonymous","","58","1","G","","521362","521362","521362","347","1","T","","","","","AB13_v2.2","","nonsynonymous","-1","SF5203","11","","SNP"
"V","238","I","","GTC","238","1","","ATC","1.41641140e-01","clpX","712","ATP-dependent protease ATP-binding subunit ClpX",">","","clpX","","","ACIAD0535","","ACIAD0535","","1","snp_nonsynonymous","","58","1","G","","521366","521366","521366","351","1","A","","","","","AB13_v2.2","","nonsynonymous","-1","SF5203","11","","SNP"
"M","238","I","","ATG","238","3","","ATC","1.41836166e-01","clpX","714","ATP-dependent protease ATP-binding subunit ClpX",">","","clpX","","","ACIAD0535","","ACIAD0535","","1","snp_nonsynonymous","","58","1","G","","521368","521368","521368","350","1","C","","","","","AB13_v2.2","","nonsynonymous","-1","SF5203","11","","SNP"
"T","240","T","","ACG","240","3","","ACT","1.43548489e-01","clpX","720","ATP-dependent protease ATP-binding subunit ClpX",">","","clpX","","","ACIAD0535","","ACIAD0535","","","snp_synonymous","","58","1","G","","521374","521374","521374","345","1","T","","","","","AB13_v2.2","","synonymous","-1","SF5203","11","","SNP"
"T","241","S","","ACG","241","1","","TCG","1.44846916e-01","clpX","721","ATP-dependent protease ATP-binding subunit ClpX",">","","clpX","","","ACIAD0535","","ACIAD0535","","","snp_nonsynonymous","","59","1","A","","521375","521375","521375","344","1","T","","","","","AB13_v2.2","","nonsynonymous","-1","SF5203","11","","SNP"
"F","245","F","","TTC","245","3","","TTT","1.09976768e-01","clpX","735","ATP-dependent protease ATP-binding subunit ClpX",">","","clpX","","","ACIAD0535","","ACIAD0535","","","snp_synonymous","","47","1","C","","521389","521389","521389","380","1","T","","","","","AB13_v2.2","","synonymous","-1","SF5203","11","","SNP"
"G","249","G","","GGC","249","3","","GGT","5.51362038e-02","clpX","747","ATP-dependent protease ATP-binding subunit ClpX",">","","clpX","","","ACIAD0535","","ACIAD0535","","","snp_synonymous","","19","1","C","","521401","521401","521401","325","1","T","","","","","AB13_v2.2","","synonymous","-1","SF5203","11","","SNP"
"C","102","G","","TGT","102","1","","GGT","6.09560013e-02","salR","304","LysR family transcriptional regulator",">","","salR","","","ACIAD1425","","ACIAD1425","","","snp_nonsynonymous","","24","1","T","","1471986","1471986","1471986","227","1","G","","","","","AB13_v2.2","","nonsynonymous","-1","SF5203","11","","SNP"
"Y","360","D","","TAT","360","1","","GAT","1.08877182e-01","ACIAD1764","1078","ferric siderophore receptor protein",">","","ACIAD1764","","","ACIAD1764","","ACIAD1764","","","snp_nonsynonymous","","39","1","T","","1820530","1820530","1820530","200","1","G","","","","","AB13_v2.2","","nonsynonymous","-1","SF5203","11","","SNP"
"","","","","","","","","","5.82394600e-02","ACIAD2100/ACIAD2101","intergenic (+47/+17)","major facilitator superfamily permease/3-oxoacyl-ACP synthase",">/<","","","ACIAD2101","","ACIAD2100/ACIAD2101","","","ACIAD2101","","snp_intergenic","","25","1","A","","2139334","2139334","2139334","239","1","C","","","","","AB13_v2.2","","intergenic","-1","SF5203","","","SNP"
"*","4","S","","TAA","4","2","","TCA","1.75960541e-01","ACIAD2300","11","hypothetical protein","<","ACIAD2300","","","","ACIAD2300","ACIAD2300","","","","snp_nonsense","","51","1","T","","2323177","2323177","2323177","192","1","G","","","","","AB13_v2.2","","nonsense","-1","SF5203","11","","SNP"
"L","101","L","","CTC","101","3","","CTT","5.68046570e-02","ruvB","303","Holliday junction DNA helicase RuvB",">","","ruvB","","","ACIAD2615","","ACIAD2615","","","snp_synonymous","","23","1","C","","2622737","2622737","2622737","381","1","T","","","","","AB13_v2.2","","synonymous","-1","SF5203","11","","SNP"
"D","103","E","","GAT","103","3","","GAA","6.26473427e-02","ruvB","309","Holliday junction DNA helicase RuvB",">","","ruvB","","","ACIAD2615","","ACIAD2615","","","snp_nonsynonymous","","23","1","T","","2622743","2622743","2622743","344","1","A","","","","","AB13_v2.2","","nonsynonymous","-1","SF5203","11","","SNP"
"R","104","G","","CGT","104","1","","GGT","6.18224144e-02","ruvB","310","Holliday junction DNA helicase RuvB",">","","ruvB","","","ACIAD2615","","ACIAD2615","","1","snp_nonsynonymous","","23","1","C","","2622744","2622744","2622744","347","1","G","","","","","AB13_v2.2","","nonsynonymous","-1","SF5203","11","","SNP"
"G","104","G","","GGC","104","3","","GGT","5.65900803e-02","ruvB","312","Holliday junction DNA helicase RuvB",">","","ruvB","","","ACIAD2615","","ACIAD2615","","1","snp_synonymous","","23","1","C","","2622746","2622746","2622746","384","1","T","","","","","AB13_v2.2","","synonymous","-1","SF5203","11","","SNP"
"V","106","V","","GTT","106","3","","GTG","5.87129593e-02","ruvB","318","Holliday junction DNA helicase RuvB",">","","ruvB","","","ACIAD2615","","ACIAD2615","","","snp_synonymous","","24","1","T","","2622752","2622752","2622752","376","1","G","","","","","AB13_v2.2","","synonymous","-1","SF5203","11","","SNP"
"F","108","F","","TTC","108","3","","TTT","6.51369095e-02","ruvB","324","Holliday junction DNA helicase RuvB",">","","ruvB","","","ACIAD2615","","ACIAD2615","","","snp_synonymous","","25","1","C","","2622758","2622758","2622758","358","1","T","","","","","AB13_v2.2","","synonymous","-1","SF5203","11","","SNP"
"D","110","D","","GAT","110","3","","GAC","6.74819946e-02","ruvB","330","Holliday junction DNA helicase RuvB",">","","ruvB","","","ACIAD2615","","ACIAD2615","","","snp_synonymous","","25","1","T","","2622764","2622764","2622764","345","1","C","","","","","AB13_v2.2","","synonymous","-1","SF5203","11","","SNP"
"L","115","L","","TTG","115","3","","TTA","5.79657555e-02","ruvB","345","Holliday junction DNA helicase RuvB",">","","ruvB","","","ACIAD2615","","ACIAD2615","","","snp_synonymous","","25","1","G","","2622779","2622779","2622779","406","1","A","","","","","AB13_v2.2","","synonymous","-1","SF5203","11","","SNP"
"T","116","S","","ACA","116","1","","TCA","5.79080582e-02","ruvB","346","Holliday junction DNA helicase RuvB",">","","ruvB","","","ACIAD2615","","ACIAD2615","","1","snp_nonsynonymous","","25","1","A","","2622780","2622780","2622780","406","1","T","","","","","AB13_v2.2","","nonsynonymous","-1","SF5203","11","","SNP"
"*","116","S","","TGA","116","2","","TCA","5.82404137e-02","ruvB","347","Holliday junction DNA helicase RuvB",">","ruvB","","","","ACIAD2615","ACIAD2615","","","1","snp_nonsense","","25","1","G","","2622781","2622781","2622781","403","1","C","","","","","AB13_v2.2","","nonsense","-1","SF5203","11","","SNP"
"S","116","S","","TCT","116","3","","TCA","5.91607094e-02","ruvB","348","Holliday junction DNA helicase RuvB",">","","ruvB","","","ACIAD2615","","ACIAD2615","","1","snp_synonymous","","26","1","T","","2622782","2622782","2622782","405","1","A","","","","","AB13_v2.2","","synonymous","-1","SF5203","11","","SNP"
"A","118","V","","GCC","118","2","","GTC","6.19320869e-02","ruvB","353","Holliday junction DNA helicase RuvB",">","","ruvB","","","ACIAD2615","","ACIAD2615","","1","snp_nonsynonymous","","25","1","C","","2622787","2622787","2622787","378","1","T","","","","","AB13_v2.2","","nonsynonymous","-1","SF5203","11","","SNP"
"V","118","V","","GTT","118","3","","GTC","6.22706413e-02","ruvB","354","Holliday junction DNA helicase RuvB",">","","ruvB","","","ACIAD2615","","ACIAD2615","","1","snp_synonymous","","25","1","T","","2622788","2622788","2622788","375","1","C","","","","","AB13_v2.2","","synonymous","-1","SF5203","11","","SNP"
"V","119","I","","GTT","119","1","","ATT","6.18162155e-02","ruvB","355","Holliday junction DNA helicase RuvB",">","","ruvB","","","ACIAD2615","","ACIAD2615","","","snp_nonsynonymous","","25","1","G","","2622789","2622789","2622789","379","1","A","","","","","AB13_v2.2","","nonsynonymous","-1","SF5203","11","","SNP"
"P","125","P","","CCG","125","3","","CCA","6.58283234e-02","ruvB","375","Holliday junction DNA helicase RuvB",">","","ruvB","","","ACIAD2615","","ACIAD2615","","","snp_synonymous","","27","1","G","","2622809","2622809","2622809","383","1","A","","","","","AB13_v2.2","","synonymous","-1","SF5203","11","","SNP"
"A","126","A","","GCG","126","3","","GCA","6.77132607e-02","ruvB","378","Holliday junction DNA helicase RuvB",">","","ruvB","","","ACIAD2615","","ACIAD2615","","","snp_synonymous","","28","1","G","","2622812","2622812","2622812","383","1","A","","","","","AB13_v2.2","","synonymous","-1","SF5203","11","","SNP"
"F","130","Y","","TTT","130","2","","TAT","6.58087730e-02","ruvB","389","Holliday junction DNA helicase RuvB",">","","ruvB","","","ACIAD2615","","ACIAD2615","","","snp_nonsynonymous","","28","1","T","","2622823","2622823","2622823","388","1","A","","","","","AB13_v2.2","","nonsynonymous","-1","SF5203","11","","SNP"
"Q","131","Q","","CAG","131","3","","CAA","6.42409325e-02","ruvB","393","Holliday junction DNA helicase RuvB",">","","ruvB","","","ACIAD2615","","ACIAD2615","","","snp_synonymous","","27","1","G","","2622827","2622827","2622827","393","1","A","","","","","AB13_v2.2","","synonymous","-1","SF5203","11","","SNP"
"L","132","L","","CTC","132","3","","CTA","6.75253868e-02","ruvB","396","Holliday junction DNA helicase RuvB",">","","ruvB","","","ACIAD2615","","ACIAD2615","","","snp_synonymous","","29","1","C","","2622830","2622830","2622830","385","1","A","","","","","AB13_v2.2","","synonymous","-1","SF5203","11","","SNP"
"D","133","D","","GAT","133","3","","GAC","6.76279068e-02","ruvB","399","Holliday junction DNA helicase RuvB",">","","ruvB","","","ACIAD2615","","ACIAD2615","","","snp_synonymous","","27","1","T","","2622833","2622833","2622833","371","1","C","","","","","AB13_v2.2","","synonymous","-1","SF5203","11","","SNP"
"L","134","I","","CTT","134","1","","ATT","6.83870316e-02","ruvB","400","Holliday junction DNA helicase RuvB",">","","ruvB","","","ACIAD2615","","ACIAD2615","","1","snp_nonsynonymous","","29","1","C","","2622834","2622834","2622834","379","1","A","","","","","AB13_v2.2","","nonsynonymous","-1","SF5203","11","","SNP"
"I","134","I","","ATC","134","3","","ATT","6.70428276e-02","ruvB","402","Holliday junction DNA helicase RuvB",">","","ruvB","","","ACIAD2615","","ACIAD2615","","1","snp_synonymous","","27","1","C","","2622836","2622836","2622836","374","1","T","","","","","AB13_v2.2","","synonymous","-1","SF5203","11","","SNP"
"I","135","M","","ATC","135","3","","ATG","6.86440468e-02","ruvB","405","Holliday junction DNA helicase RuvB",">","","ruvB","","","ACIAD2615","","ACIAD2615","","","snp_nonsynonymous","","27","1","C","","2622839","2622839","2622839","372","1","G","","","","","AB13_v2.2","","nonsynonymous","-1","SF5203","11","","SNP"
"P","140","P","","CCG","140","3","","CCT","5.45911789e-02","ruvB","420","Holliday junction DNA helicase RuvB",">","","ruvB","","","ACIAD2615","","ACIAD2615","","","snp_synonymous","","21","1","G","","2622854","2622854","2622854","360","1","T","","","","","AB13_v2.2","","synonymous","-1","SF5203","11","","SNP"
"A","141","A","","GCA","141","3","","GCT","5.51352501e-02","ruvB","423","Holliday junction DNA helicase RuvB",">","","ruvB","","","ACIAD2615","","ACIAD2615","","","snp_synonymous","","21","1","A","","2622857","2622857","2622857","360","1","T","","","","","AB13_v2.2","","synonymous","-1","SF5203","11","","SNP"
"","","","","","","","","","5.17449379e-02","tolR/tolB","intergenic (+447/-662)","group A colicins tolerance protein/translocation protein TolB",">/>","","","tolB","","ACIAD2620/ACIAD2622","","","ACIAD2622","","snp_intergenic","","22","1","A","","2626468","2626468","2626468","404","1","G","","","","","AB13_v2.2","","intergenic","-1","SF5203","","","SNP"
"","","","","","","","","","6.15005493e-02","tolR/tolB","intergenic (+459/-650)","group A colicins tolerance protein/translocation protein TolB",">/>","","","tolB","","ACIAD2620/ACIAD2622","","","ACIAD2622","","snp_intergenic","","23","1","A","","2626480","2626480","2626480","338","1","T","","","","","AB13_v2.2","","intergenic","-1","SF5203","","","SNP"
"","","","","","","","","","5.74989319e-02","tolR/tolB","intergenic (+465/-644)","group A colicins tolerance protein/translocation protein TolB",">/>","","","tolB","","ACIAD2620/ACIAD2622","","","ACIAD2622","","snp_intergenic","","23","1","C","","2626486","2626486","2626486","373","1","A","","","","","AB13_v2.2","","intergenic","-1","SF5203","","","SNP"
"","","","","","","","","","5.46207428e-02","tolR/tolB","intergenic (+470/-639)","group A colicins tolerance protein/translocation protein TolB",">/>","","","tolB","","ACIAD2620/ACIAD2622","","","ACIAD2622","","snp_intergenic","","23","1","C","","2626491","2626491","2626491","393","1","A","","","","","AB13_v2.2","","intergenic","-1","SF5203","","","SNP"
"","","","","","","","","","5.78088760e-02","tolR/tolB","intergenic (+471/-638)","group A colicins tolerance protein/translocation protein TolB",">/>","","","tolB","","ACIAD2620/ACIAD2622","","","ACIAD2622","","snp_intergenic","","25","1","T","","2626492","2626492","2626492","391","1","A","","","","","AB13_v2.2","","intergenic","-1","SF5203","","","SNP"
"","","","","","","","","","5.08465767e-02","tolR/tolB","intergenic (+495/-614)","group A colicins tolerance protein/translocation protein TolB",">/>","","","tolB","","ACIAD2620/ACIAD2622","","","ACIAD2622","","snp_intergenic","","23","1","C","","2626516","2626516","2626516","430","1","A","","","","","AB13_v2.2","","intergenic","-1","SF5203","","","SNP"
"","","","","","","","","","6.03070259e-02","tolR/tolB","intergenic (+516/-593)","group A colicins tolerance protein/translocation protein TolB",">/>","","","tolB","","ACIAD2620/ACIAD2622","","","ACIAD2622","","snp_intergenic","","63","1","T","","2626537","2626537","2626537","895","1","G","","","","","AB13_v2.2","","intergenic","-1","SF5203","","","SNP"
"","","","","","","","","","6.97774887e-02","tolR/tolB","intergenic (+520/-589)","group A colicins tolerance protein/translocation protein TolB",">/>","","","tolB","","ACIAD2620/ACIAD2622","","","ACIAD2622","","snp_intergenic","","59","1","A","","2626541","2626541","2626541","777","1","G","","","","","AB13_v2.2","","intergenic","-1","SF5203","","","SNP"
"","","","","","","","","","1.09063558e-01","tolR/tolB","intergenic (+524/-585)","group A colicins tolerance protein/translocation protein TolB",">/>","","","tolB","1","ACIAD2620/ACIAD2622","","","ACIAD2622","","large_insertion","","5","1","AAAAGCCAAACTCGAAGCAGATGCTAAAGCAAAAGCCGATGCTGCTGCTAAAGCCAAAAACGAAGCCGAGGCTAAAGCAAAAGCCGAGGCTGCTGC","","2626545","2626545","2626545","206","2","C","","","","","AB13_v2.2","","","-1","SF5203","","","INS"
"","","","","","","","","","9.36147570e-01","tolR/tolB","intergenic (+535/-574)","group A colicins tolerance protein/translocation protein TolB",">/>","","","tolB","1","ACIAD2620/ACIAD2622","","","ACIAD2622","","large_insertion","","91","1","ACGAAGCAGAGGCTAAAGCAAAAGCCGAGGCTGCTGCAAAAGCCAAACGCGAAGCAGATGCTAAAGCAAAAGCCGATGCTGCTGCTAAAGCCAAAAACGAAGCCGAGGCTAAAGCAAAAGCCGAGGCTGCTGCTAAAGCCAAAC","","2626556","2626556","2626556","160","2","C","","","","","AB13_v2.2","","","-1","SF5203","","","INS"
"","","","","","","","","","1.09221458e-01","tolR/tolB","intergenic (+564/-545)","group A colicins tolerance protein/translocation protein TolB",">/>","","","tolB","","ACIAD2620/ACIAD2622","","","ACIAD2622","","snp_intergenic","","35","1","T","","2626585","2626585","2626585","265","1","G","","","","","AB13_v2.2","","intergenic","-1","SF5203","","","SNP"
"T","188","P","","ACA","188","1","","CCA","8.88562202e-02","ACIAD3059","562","hypothetical protein","<","","ACIAD3059","","","ACIAD3059","","ACIAD3059","","","snp_nonsynonymous","","48","1","T","","3042783","3042783","3042783","281","1","G","","","","","AB13_v2.2","","nonsynonymous","-1","SF5203","11","","SNP"
"","","","","","","","","","6.75549507e-02","ACIAD3520/ACIAD3521","intergenic (+35/-181)","hypothetical protein/hypothetical protein",">/>","","","ACIAD3521","","ACIAD3520/ACIAD3521","","","ACIAD3521","","snp_intergenic","","30","1","A","","3499759","3499759","3499759","243","1","C","","","","","AB13_v2.2","","intergenic","-1","SF5203","","","SNP"
"","","","","","","","","","1.01945877e-01","ACIAD3657/purK","intergenic (-463/+87)","membrane-bound lytic murein transglycosylase/phosphoribosylaminoimidazole carboxylase ATPase subunit","</<","","","","","ACIAD3657/ACIAD3658","","","","","snp_intergenic","","39","1","T","","3625720","3625720","3625720","212","1","G","","","","","AB13_v2.2","","intergenic","-1","SF5203","","","SNP"
"","","","","","","","","","8.23465112e-02","ACIAD0083","coding (374-379/966 nt)","polysaccharide polymerase",">","ACIAD0083","","","","ACIAD0083","ACIAD0083","","","","small_indel","","10","1","","","78524","78529","78524","245","2","TAGCAT","","","","","AB13_v2.2","6","","-1","SF5204","","","DEL"
"","","","","","","","","","4.75529184e-01","ACIAD0083","coding (379/966 nt)","polysaccharide polymerase",">","ACIAD0083","","","1","ACIAD0083","ACIAD0083","","","","small_indel","","100","1","TAGCAT","","78529","78529","78529","242","2","T","6","2","1","TAGCAT","AB13_v2.2","","","-1","SF5204","","","INS"
"K","16","Q","","AAA","16","1","","CAA","7.15894699e-02","ACIAD0312","46","hypothetical protein",">","","ACIAD0312","","","ACIAD0312","","ACIAD0312","","","snp_nonsynonymous","","34","1","A","","311740","311740","311740","257","1","C","","","","","AB13_v2.2","","nonsynonymous","-1","SF5204","11","","SNP"
"V","207","V","","GTT","207","3","","GTG","5.29613495e-02","clpX","621","ATP-dependent protease ATP-binding subunit ClpX",">","","clpX","","","ACIAD0535","","ACIAD0535","","","snp_synonymous","","19","1","T","","521275","521275","521275","329","1","G","","","","","AB13_v2.2","","synonymous","-1","SF5204","11","","SNP"
"Q","208","Q","","CAG","208","3","","CAA","5.41877747e-02","clpX","624","ATP-dependent protease ATP-binding subunit ClpX",">","","clpX","","","ACIAD0535","","ACIAD0535","","","snp_synonymous","","18","1","G","","521278","521278","521278","313","1","A","","","","","AB13_v2.2","","synonymous","-1","SF5204","11","","SNP"
"L","211","L","","CTT","211","3","","CTA","5.59673309e-02","clpX","633","ATP-dependent protease ATP-binding subunit ClpX",">","","clpX","","","ACIAD0535","","ACIAD0535","","","snp_synonymous","","21","1","T","","521287","521287","521287","354","1","A","","","","","AB13_v2.2","","synonymous","-1","SF5204","11","","SNP"
"L","212","L","","CTG","212","1","","TTG","5.40361404e-02","clpX","634","ATP-dependent protease ATP-binding subunit ClpX",">","","clpX","","","ACIAD0535","","ACIAD0535","","","snp_synonymous","","21","1","C","","521288","521288","521288","366","1","T","","","","","AB13_v2.2","","synonymous","-1","SF5204","11","","SNP"
"I","214","M","","ATC","214","3","","ATG","6.96158409e-02","clpX","642","ATP-dependent protease ATP-binding subunit ClpX",">","","clpX","","","ACIAD0535","","ACIAD0535","","","snp_nonsynonymous","","25","1","C","","521296","521296","521296","333","1","G","","","","","AB13_v2.2","","nonsynonymous","-1","SF5204","11","","SNP"
"M","215","I","","ATG","215","3","","ATC","6.68320656e-02","clpX","645","ATP-dependent protease ATP-binding subunit ClpX",">","","clpX","","","ACIAD0535","","ACIAD0535","","","snp_nonsynonymous","","25","1","G","","521299","521299","521299","349","1","C","","","","","AB13_v2.2","","nonsynonymous","-1","SF5204","11","","SNP"
"T","218","T","","ACC","218","3","","ACA","6.75597191e-02","clpX","654","ATP-dependent protease ATP-binding subunit ClpX",">","","clpX","","","ACIAD0535","","ACIAD0535","","","snp_synonymous","","26","1","C","","521308","521308","521308","355","1","A","","","","","AB13_v2.2","","synonymous","-1","SF5204","11","","SNP"
"S","221","S","","TCC","221","3","","TCG","6.80584908e-02","clpX","663","ATP-dependent protease ATP-binding subunit ClpX",">","","clpX","","","ACIAD0535","","ACIAD0535","","","snp_synonymous","","26","1","C","","521317","521317","521317","356","1","G","","","","","AB13_v2.2","","synonymous","-1","SF5204","11","","SNP"
"V","222","I","","GTT","222","1","","ATT","6.85744286e-02","clpX","664","ATP-dependent protease ATP-binding subunit ClpX",">","","clpX","","","ACIAD0535","","ACIAD0535","","1","snp_nonsynonymous","","26","1","G","","521318","521318","521318","353","1","A","","","","","AB13_v2.2","","nonsynonymous","-1","SF5204","11","","SNP"
"I","222","I","","ATA","222","3","","ATT","7.02018738e-02","clpX","666","ATP-dependent protease ATP-binding subunit ClpX",">","","clpX","","","ACIAD0535","","ACIAD0535","","1","snp_synonymous","","27","1","A","","521320","521320","521320","350","1","T","","","","","AB13_v2.2","","synonymous","-1","SF5204","11","","SNP"
"P","224","P","","CCG","224","3","","CCA","6.48198128e-02","clpX","672","ATP-dependent protease ATP-binding subunit ClpX",">","","clpX","","","ACIAD0535","","ACIAD0535","","","snp_synonymous","","26","1","G","","521326","521326","521326","374","1","A","","","","","AB13_v2.2","","synonymous","-1","SF5204","11","","SNP"
"Q","225","Q","","CAG","225","3","","CAA","6.47015572e-02","clpX","675","ATP-dependent protease ATP-binding subunit ClpX",">","","clpX","","","ACIAD0535","","ACIAD0535","","","snp_synonymous","","26","1","G","","521329","521329","521329","375","1","A","","","","","AB13_v2.2","","synonymous","-1","SF5204","11","","SNP"
"G","226","G","","GGC","226","3","","GGT","6.87131882e-02","clpX","678","ATP-dependent protease ATP-binding subunit ClpX",">","","clpX","","","ACIAD0535","","ACIAD0535","","","snp_synonymous","","26","1","C","","521332","521332","521332","352","1","T","","","","","AB13_v2.2","","synonymous","-1","SF5204","11","","SNP"
"R","228","R","","CGC","228","3","","CGT","7.29050636e-02","clpX","684","ATP-dependent protease ATP-binding subunit ClpX",">","","clpX","","","ACIAD0535","","ACIAD0535","","","snp_synonymous","","30","1","C","","521338","521338","521338","381","1","T","","","","","AB13_v2.2","","synonymous","-1","SF5204","11","","SNP"
"F","235","F","","TTC","235","3","","TTT","7.15098381e-02","clpX","705","ATP-dependent protease ATP-binding subunit ClpX",">","","clpX","","","ACIAD0535","","ACIAD0535","","","snp_synonymous","","27","1","C","","521359","521359","521359","350","1","T","","","","","AB13_v2.2","","synonymous","-1","SF5204","11","","SNP"
"L","236","I","","CTT","236","1","","ATT","7.13229179e-02","clpX","706","ATP-dependent protease ATP-binding subunit ClpX",">","","clpX","","","ACIAD0535","","ACIAD0535","","1","snp_nonsynonymous","","27","1","C","","521360","521360","521360","352","1","A","","","","","AB13_v2.2","","nonsynonymous","-1","SF5204","11","","SNP"
"M","236","I","","ATG","236","3","","ATT","7.17077255e-02","clpX","708","ATP-dependent protease ATP-binding subunit ClpX",">","","clpX","","","ACIAD0535","","ACIAD0535","","1","snp_nonsynonymous","","27","1","G","","521362","521362","521362","347","1","T","","","","","AB13_v2.2","","nonsynonymous","-1","SF5204","11","","SNP"
"V","238","I","","GTC","238","1","","ATC","7.15260506e-02","clpX","712","ATP-dependent protease ATP-binding subunit ClpX",">","","clpX","","","ACIAD0535","","ACIAD0535","","1","snp_nonsynonymous","","27","1","G","","521366","521366","521366","350","1","A","","","","","AB13_v2.2","","nonsynonymous","-1","SF5204","11","","SNP"
"M","238","I","","ATG","238","3","","ATC","7.23848343e-02","clpX","714","ATP-dependent protease ATP-binding subunit ClpX",">","","clpX","","","ACIAD0535","","ACIAD0535","","1","snp_nonsynonymous","","27","1","G","","521368","521368","521368","345","1","C","","","","","AB13_v2.2","","nonsynonymous","-1","SF5204","11","","SNP"
"T","240","T","","ACG","240","3","","ACT","7.46912956e-02","clpX","720","ATP-dependent protease ATP-binding subunit ClpX",">","","clpX","","","ACIAD0535","","ACIAD0535","","","snp_synonymous","","27","1","G","","521374","521374","521374","335","1","T","","","","","AB13_v2.2","","synonymous","-1","SF5204","11","","SNP"
"T","241","S","","ACG","241","1","","TCG","7.73501396e-02","clpX","721","ATP-dependent protease ATP-binding subunit ClpX",">","","clpX","","","ACIAD0535","","ACIAD0535","","","snp_nonsynonymous","","28","1","A","","521375","521375","521375","333","1","T","","","","","AB13_v2.2","","nonsynonymous","-1","SF5204","11","","SNP"
"F","245","F","","TTC","245","3","","TTT","6.27603531e-02","clpX","735","ATP-dependent protease ATP-binding subunit ClpX",">","","clpX","","","ACIAD0535","","ACIAD0535","","","snp_synonymous","","24","1","C","","521389","521389","521389","358","1","T","","","","","AB13_v2.2","","synonymous","-1","SF5204","11","","SNP"
"K","75","Q","","AAA","75","1","","CAA","6.13384247e-02","baeS","223","kinase sensor component of a two component signal transduction system",">","","baeS","","","ACIAD0626","","ACIAD0626","","","snp_nonsynonymous","","28","1","A","","613128","613128","613128","253","1","C","","","","","AB13_v2.2","","nonsynonymous","-1","SF5204","11","","SNP"
"Y","360","D","","TAT","360","1","","GAT","9.08446312e-02","ACIAD1764","1078","ferric siderophore receptor protein",">","","ACIAD1764","","","ACIAD1764","","ACIAD1764","","","snp_nonsynonymous","","32","1","T","","1820530","1820530","1820530","185","1","G","","","","","AB13_v2.2","","nonsynonymous","-1","SF5204","11","","SNP"
"","","","","","","","","","5.30862808e-02","ACIAD2300/ACIAD2301","intergenic (-37/+76)","hypothetical protein/hypothetical protein","</<","","","ACIAD2300","","ACIAD2300/ACIAD2301","","","ACIAD2300","","snp_intergenic","","15","1","A","","2323224","2323224","2323224","193","1","C","","","","","AB13_v2.2","","intergenic","-1","SF5204","","","SNP"
"V","106","V","","GTT","106","3","","GTG","5.21726608e-02","ruvB","318","Holliday junction DNA helicase RuvB",">","","ruvB","","","ACIAD2615","","ACIAD2615","","","snp_synonymous","","17","1","T","","2622752","2622752","2622752","295","1","G","","","","","AB13_v2.2","","synonymous","-1","SF5204","11","","SNP"
"F","108","F","","TTC","108","3","","TTT","5.27091026e-02","ruvB","324","Holliday junction DNA helicase RuvB",">","","ruvB","","","ACIAD2615","","ACIAD2615","","","snp_synonymous","","16","1","C","","2622758","2622758","2622758","287","1","T","","","","","AB13_v2.2","","synonymous","-1","SF5204","11","","SNP"
"D","110","D","","GAT","110","3","","GAC","5.35192490e-02","ruvB","330","Holliday junction DNA helicase RuvB",">","","ruvB","","","ACIAD2615","","ACIAD2615","","","snp_synonymous","","16","1","T","","2622764","2622764","2622764","285","1","C","","","","","AB13_v2.2","","synonymous","-1","SF5204","11","","SNP"
"A","118","V","","GCC","118","2","","GTC","5.09071350e-02","ruvB","353","Holliday junction DNA helicase RuvB",">","","ruvB","","","ACIAD2615","","ACIAD2615","","1","snp_nonsynonymous","","16","1","C","","2622787","2622787","2622787","297","1","T","","","","","AB13_v2.2","","nonsynonymous","-1","SF5204","11","","SNP"
"V","118","V","","GTT","118","3","","GTC","5.06348610e-02","ruvB","354","Holliday junction DNA helicase RuvB",">","","ruvB","","","ACIAD2615","","ACIAD2615","","1","snp_synonymous","","16","1","T","","2622788","2622788","2622788","299","1","C","","","","","AB13_v2.2","","synonymous","-1","SF5204","11","","SNP"
"V","119","I","","GTT","119","1","","ATT","5.04059792e-02","ruvB","355","Holliday junction DNA helicase RuvB",">","","ruvB","","","ACIAD2615","","ACIAD2615","","","snp_nonsynonymous","","16","1","G","","2622789","2622789","2622789","301","1","A","","","","","AB13_v2.2","","nonsynonymous","-1","SF5204","11","","SNP"
"A","126","A","","GCG","126","3","","GCA","5.02810478e-02","ruvB","378","Holliday junction DNA helicase RuvB",">","","ruvB","","","ACIAD2615","","ACIAD2615","","","snp_synonymous","","16","1","G","","2622812","2622812","2622812","298","1","A","","","","","AB13_v2.2","","synonymous","-1","SF5204","11","","SNP"
"","","","","","","","","","1.15346432e-01","tolR/tolB","intergenic (+520/-589)","group A colicins tolerance protein/translocation protein TolB",">/>","","","tolB","","ACIAD2620/ACIAD2622","","","ACIAD2622","","snp_intergenic","","87","1","A","","2626541","2626541","2626541","666","1","G","","","","","AB13_v2.2","","intergenic","-1","SF5204","","","SNP"
"","","","","","","","","","1","tolR/tolB","intergenic (+535/-574)","group A colicins tolerance protein/translocation protein TolB",">/>","","","tolB","1","ACIAD2620/ACIAD2622","","","ACIAD2622","","large_insertion","","73","1","ACGAAGCAGAGGCTAAAGCAAAAGCCGAGGCTGCTGCAAAAGCCAAACGCGAAGCAGATGCTAAAGCAAAAGCCGATGCTGCTGCTAAAGCCAAAAACGAAGCCGAGGCTAAAGCAAAAGCCGAGGCTGCTGCTAAAGCCAAAC","","2626556","2626556","2626556","138","2","C","","","","","AB13_v2.2","","","-1","SF5204","","","INS"
"","","","","","","","","","6.33172989e-02","tolR/tolB","intergenic (+564/-545)","group A colicins tolerance protein/translocation protein TolB",">/>","","","tolB","","ACIAD2620/ACIAD2622","","","ACIAD2622","","snp_intergenic","","18","1","T","","2626585","2626585","2626585","257","1","G","","","","","AB13_v2.2","","intergenic","-1","SF5204","","","SNP"
"N","435","H","","AAT","435","1","","CAT","7.24587440e-02","secY","1303","preprotein translocase subunit SecY","<","","secY","","","ACIAD3199","","ACIAD3199","","","snp_nonsynonymous","","29","1","T","","3181082","3181082","3181082","228","1","G","","","","","AB13_v2.2","","nonsynonymous","-1","SF5204","11","","SNP"
"","","","","","","","","","8.29715729e-02","ACIAD3520/ACIAD3521","intergenic (+33/-183)","hypothetical protein/hypothetical protein",">/>","","","ACIAD3521","","ACIAD3520/ACIAD3521","","","ACIAD3521","","snp_intergenic","","32","1","T","","3499757","3499757","3499757","198","1","G","","","","","AB13_v2.2","","intergenic","-1","SF5204","","","SNP"
"","","","","","","","","","5.38802147e-02","ACIAD3520/ACIAD3521","intergenic (+36/-180)","hypothetical protein/hypothetical protein",">/>","","","ACIAD3521","","ACIAD3520/ACIAD3521","","","ACIAD3521","","snp_intergenic","","17","1","A","","3499760","3499760","3499760","211","1","T","","","","","AB13_v2.2","","intergenic","-1","SF5204","","","SNP"
"","","","","","","","","","1.42663956e-01","ACIAD3657/purK","intergenic (-476/+74)","membrane-bound lytic murein transglycosylase/phosphoribosylaminoimidazole carboxylase ATPase subunit","</<","","","","","ACIAD3657/ACIAD3658","","","","","snp_intergenic","","53","1","T","","3625733","3625733","3625733","215","1","G","","","","","AB13_v2.2","","intergenic","-1","SF5204","","","SNP"
"K","259","N","","AAG","259","3","","AAT","1.93255901e-01","rmlB","777","dTDP-D-glucose-4,6-dehydratase",">","","rmlB","","","ACIAD0076","","ACIAD0076","","","snp_nonsynonymous","","86","1","G","","73346","73346","73346","356","1","T","","","","","AB13_v2.2","","nonsynonymous","-1","SF5207","11","","SNP"
"","","","","","","","","","3.33258635e-01","ACIAD0083","coding (373/966 nt)","polysaccharide polymerase",">","ACIAD0083","","","1","ACIAD0083","ACIAD0083","","","","small_indel","","149","1","TAGCAT","","78523","78523","78523","560","2","A","","","","","AB13_v2.2","","","-1","SF5207","","","INS"
"","","","","","","","","","2.61490776e-01","galE","coding (822-842/1020 nt)","UDP-glucose 4-epimerase",">","","galE","","","ACIAD0102","","ACIAD0102","","","small_indel","","109","1","","","100593","100613","100593","643","2","21-bp","","","","","AB13_v2.2","21","","-1","SF5207","","","DEL"
"N","105","K","","AAT","105","3","","AAG","9.33575630e-02","ACIAD0120","315","pili assembly chaperone, required for type 1 fimbriae",">","","ACIAD0120","","","ACIAD0120","","ACIAD0120","","","snp_nonsynonymous","","52","1","T","","121330","121330","121330","319","1","G","","","","","AB13_v2.2","","nonsynonymous","-1","SF5207","11","","SNP"
"F","123","L","","TTT","123","3","","TTG","1.06632710e-01","ACIAD0120","369","pili assembly chaperone, required for type 1 fimbriae",">","","ACIAD0120","","","ACIAD0120","","ACIAD0120","","","snp_nonsynonymous","","59","1","T","","121384","121384","121384","349","1","G","","","","","AB13_v2.2","","nonsynonymous","-1","SF5207","11","","SNP"
"","","","","","","","","","5.93523979e-02","rplL/rpoB","intergenic (+23/-286)","50S ribosomal protein L7/L12/DNA-directed RNA polymerase subunit beta",">/>","","","rpoB","","ACIAD0306/ACIAD0307","","","ACIAD0307","","snp_intergenic","","35","1","T","","301855","301855","301855","307","1","G","","","","","AB13_v2.2","","intergenic","-1","SF5207","","","SNP"
"F","519","S","","TTT","519","2","","TCT","5.64413071e-01","rpoB","1556","DNA-directed RNA polymerase subunit beta",">","","rpoB","","","ACIAD0307","","ACIAD0307","","","snp_nonsynonymous","","261","1","T","","303696","303696","303696","202","1","C","","","","","AB13_v2.2","","nonsynonymous","-1","SF5207","11","","SNP"
"C","108","G","","TGT","108","1","","GGT","1.14561558e-01","nusA","322","transcription elongation factor NusA",">","","nusA","","","ACIAD0368","","ACIAD0368","","","snp_nonsynonymous","","45","1","T","","358140","358140","358140","237","1","G","","","","","AB13_v2.2","","nonsynonymous","-1","SF5207","11","","SNP"
"","","","","","","","","","8.11629295e-02","ACIAD0537/fumA","intergenic (-116/+32)","signal peptide/fumarate hydratase","</<","","","ACIAD0537","","ACIAD0537/ACIAD0538","","","ACIAD0537","","snp_intergenic","","43","1","A","","523565","523565","523565","299","1","C","","","","","AB13_v2.2","","intergenic","-1","SF5207","","","SNP"
"T","43","K","","ACA","43","2","","AAA","3.36202145e-01","rpsL","128","30S ribosomal protein S12",">","","rpsL","","","ACIAD0881","","ACIAD0881","","","snp_nonsynonymous","","140","1","C","","863455","863455","863455","276","1","A","","","","","AB13_v2.2","","nonsynonymous","-1","SF5207","11","","SNP"
"I","53","I","","ATA","53","3","","ATC","8.64810944e-02","ACIAD0905","159","glutamine amidotransferase",">","","ACIAD0905","","","ACIAD0905","","ACIAD0905","","","snp_synonymous","","56","1","A","","887411","887411","887411","286","1","C","","","","","AB13_v2.2","","synonymous","-1","SF5207","11","","SNP"
"","","","","","","","","","1.05480671e-01","rubA/ACIAD1068","intergenic (-62/+319)","rubredoxin/hypothetical protein","</<","","","rubA","","ACIAD1066/ACIAD1068","","","ACIAD1066","","snp_intergenic","","67","1","T","","1060247","1060247","1060247","313","1","G","","","","","AB13_v2.2","","intergenic","-1","SF5207","","","SNP"
"S","117","A","","TCA","117","1","","GCA","7.80091286e-02","ACIAD1132","349","hypothetical protein",">","","ACIAD1132","","","ACIAD1132","","ACIAD1132","","","snp_nonsynonymous","","40","1","T","","1117099","1117099","1117099","295","1","G","","","","","AB13_v2.2","","nonsynonymous","-1","SF5207","11","","SNP"
"C","102","G","","TGT","102","1","","GGT","6.61125183e-02","salR","304","LysR family transcriptional regulator",">","","salR","","","ACIAD1425","","ACIAD1425","","","snp_nonsynonymous","","33","1","T","","1471986","1471986","1471986","279","1","G","","","","","AB13_v2.2","","nonsynonymous","-1","SF5207","11","","SNP"
"*","226","E","","TAA","226","1","","GAA","1.25010490e-01","kdsD","676","D-arabinose 5-phosphate isomerase",">","kdsD","","","","ACIAD1482","ACIAD1482","","","","snp_nonsense","","64","1","T","","1531755","1531755","1531755","277","1","G","","","","","AB13_v2.2","","nonsense","-1","SF5207","11","","SNP"
"*","499","E","","TAA","499","1","","GAA","6.67357445e-02","ACIAD1672","1495","haloacid dehalogenase",">","ACIAD1672","","","","ACIAD1672","ACIAD1672","","","","snp_nonsense","","46","1","T","","1729198","1729198","1729198","316","1","G","","","","","AB13_v2.2","","nonsense","-1","SF5207","11","","SNP"
"*","506","E","","TAA","506","1","","GAA","5.34243584e-02","ACIAD1672","1516","haloacid dehalogenase",">","ACIAD1672","","","","ACIAD1672","ACIAD1672","","","","snp_nonsense","","43","1","T","","1729219","1729219","1729219","351","1","G","","","","","AB13_v2.2","","nonsense","-1","SF5207","11","","SNP"
"L","356","R","","CTA","356","2","","CGA","5.52854538e-02","ACIAD1764","1067","ferric siderophore receptor protein",">","","ACIAD1764","","","ACIAD1764","","ACIAD1764","","","snp_nonsynonymous","","37","1","T","","1820519","1820519","1820519","279","1","G","","","","","AB13_v2.2","","nonsynonymous","-1","SF5207","11","","SNP"
"L","362","R","","CTT","362","2","","CGT","8.17975998e-02","ACIAD1764","1085","ferric siderophore receptor protein",">","","ACIAD1764","","","ACIAD1764","","ACIAD1764","","","snp_nonsynonymous","","53","1","T","","1820537","1820537","1820537","323","1","G","","","","","AB13_v2.2","","nonsynonymous","-1","SF5207","11","","SNP"
"Y","47","D","","TAT","47","1","","GAT","8.80618095e-02","ACIAD1851","139","hypothetical protein","<","","ACIAD1851","","","ACIAD1851","","ACIAD1851","","","snp_nonsynonymous","","50","1","A","","1903222","1903222","1903222","276","1","C","","","","","AB13_v2.2","","nonsynonymous","-1","SF5207","11","","SNP"
"V","4","G","","GTT","4","2","","GGT","7.75852203e-02","ACIAD2460","11","hypothetical protein",">","","ACIAD2460","","","ACIAD2460","","ACIAD2460","","","snp_nonsynonymous","","41","1","T","","2474839","2474839","2474839","246","1","G","","","","","AB13_v2.2","","nonsynonymous","-1","SF5207","11","","SNP"
"N","664","I","","AAC","664","2","","ATC","5.24554253e-02","soxA","1991","sarcosine oxidase (alpha subunit) oxidoreductaseprotein","<","","soxA","","","ACIAD2550","","ACIAD2550","","","snp_nonsynonymous","","19","1","T","","2561573","2561573","2561573","265","1","A","","","","","AB13_v2.2","","nonsynonymous","-1","SF5207","11","","SNP"
"Y","59","D","","TAT","59","1","","GAT","1.56827927e-01","nadB","175","L-aspartate oxidase",">","","nadB","","","ACIAD2587","","ACIAD2587","","","snp_nonsynonymous","","73","1","T","","2597356","2597356","2597356","271","1","G","","","","","AB13_v2.2","","nonsynonymous","-1","SF5207","11","","SNP"
"","","","","","","","","","5.17430305e-02","tolR/tolB","intergenic (+501/-608)","group A colicins tolerance protein/translocation protein TolB",">/>","","","tolB","","ACIAD2620/ACIAD2622","","","ACIAD2622","","snp_intergenic","","49","1","C","","2626522","2626522","2626522","895","1","T","","","","","AB13_v2.2","","intergenic","-1","SF5207","","","SNP"
"*","350","E","","TAA","350","1","","GAA","8.47826004e-02","ACIAD2672","1048","transcriptional regulator",">","","ACIAD2672","","","ACIAD2672","","ACIAD2672","","","snp_nonsense","","51","1","T","","2679319","2679319","2679319","291","1","G","","","","","AB13_v2.2","","nonsense","-1","SF5207","11","","SNP"
"N","171","K","","AAT","171","3","","AAG","1.08103752e-01","ACIAD3059","513","hypothetical protein","<","","ACIAD3059","","","ACIAD3059","","ACIAD3059","","","snp_nonsynonymous","","52","1","A","","3042832","3042832","3042832","310","1","C","","","","","AB13_v2.2","","nonsynonymous","-1","SF5207","11","","SNP"
"L","332","F","","TTA","332","3","","TTC","1.11106873e-01","ACIAD3429","996","peptidase","<","","ACIAD3429","","","ACIAD3429","","ACIAD3429","","","snp_nonsynonymous","","56","1","T","","3396132","3396132","3396132","277","1","G","","","","","AB13_v2.2","","nonsynonymous","-1","SF5207","11","","SNP"
"","","","","","","","","","7.37767220e-02","ACIAD3520/ACIAD3521","intergenic (+35/-181)","hypothetical protein/hypothetical protein",">/>","","","ACIAD3521","","ACIAD3520/ACIAD3521","","","ACIAD3521","","snp_intergenic","","31","1","A","","3499759","3499759","3499759","235","1","C","","","","","AB13_v2.2","","intergenic","-1","SF5207","","","SNP"
"","","","","","","","","","5.86509705e-02","ACIAD3520/ACIAD3521","intergenic (+36/-180)","hypothetical protein/hypothetical protein",">/>","","","ACIAD3521","","ACIAD3520/ACIAD3521","","","ACIAD3521","","snp_intergenic","","21","1","A","","3499760","3499760","3499760","246","1","T","","","","","AB13_v2.2","","intergenic","-1","SF5207","","","SNP"
"","","","","","","","","","1.27383818e-01","ACIAD0083","coding (385/966 nt)","polysaccharide polymerase",">","ACIAD0083","","","1","ACIAD0083","ACIAD0083","","","","small_indel","","43","1","TAGCATTAGCAT","","78535","78535","78535","631","2","T","6","4","2","TAGCAT","AB13_v2.2","","","-1","SF5208","","","INS"
"","","","","","","","","","2.33549583e-01","[ACIAD0085][epsM]","","[ACIAD0085],[epsM]","","","ACIAD0085,epsM","","","[ACIAD0085][ACIAD0086]","","ACIAD0085,ACIAD0086","","","small_indel","","90","1","","","80957","81002","80957","614","2","46-bp","","","","","AB13_v2.2","46","","-1","SF5208","","","DEL"
"F","519","S","","TTT","519","2","","TCT","6.15472794e-01","rpoB","1556","DNA-directed RNA polymerase subunit beta",">","","rpoB","","","ACIAD0307","","ACIAD0307","","","snp_nonsynonymous","","269","1","T","","303696","303696","303696","169","1","C","","","","","AB13_v2.2","","nonsynonymous","-1","SF5208","11","","SNP"
"","","","","","","","","","9.11946297e-02","ACIAD0500/rpmG","intergenic (-131/+10)","CPA2 family Na+/H+ antiporter/50S ribosomal protein L33","</<","","","ACIAD0500","","ACIAD0500/ACIAD0501","","","ACIAD0500","","snp_intergenic","","45","1","T","","492482","492482","492482","324","1","G","","","","","AB13_v2.2","","intergenic","-1","SF5208","","","SNP"
"A","165","A","","GCA","165","3","","GCC","5.05275726e-02","msrA","495","methionine sulfoxide reductase A","<","","msrA","","","ACIAD0510","","ACIAD0510","","","snp_synonymous","","28","1","T","","498506","498506","498506","335","1","G","","","","","AB13_v2.2","","synonymous","-1","SF5208","11","","SNP"
"T","43","K","","ACA","43","2","","AAA","2.82366276e-01","rpsL","128","30S ribosomal protein S12",">","","rpsL","","","ACIAD0881","","ACIAD0881","","","snp_nonsynonymous","","108","1","C","","863455","863455","863455","275","1","A","","","","","AB13_v2.2","","nonsynonymous","-1","SF5208","11","","SNP"
"K","333","Q","","AAA","333","1","","CAA","1.16474628e-01","lpxD","997","UDP-3-O-[3-hydroxymyristoyl] glucosamine N-acyltransferase",">","","lpxD","","","ACIAD1380","","ACIAD1380","","","snp_nonsynonymous","","46","1","A","","1427938","1427938","1427938","247","1","C","","","","","AB13_v2.2","","nonsynonymous","-1","SF5208","11","","SNP"
"*","76","E","","TAA","76","1","","GAA","8.70566368e-02","salR","226","LysR family transcriptional regulator",">","salR","","","","ACIAD1425","ACIAD1425","","","","snp_nonsense","","40","1","T","","1471908","1471908","1471908","264","1","G","","","","","AB13_v2.2","","nonsense","-1","SF5208","11","","SNP"
"*","34","S","","TAA","34","2","","TCA","7.96294212e-02","ACIAD1851","101","hypothetical protein","<","ACIAD1851","","","","ACIAD1851","ACIAD1851","","","","snp_nonsense","","36","1","T","","1903260","1903260","1903260","260","1","G","","","","","AB13_v2.2","","nonsense","-1","SF5208","11","","SNP"
"M","1","M","","TTG","1","1","","ATG","8.30607414e-02","rodA","1","rod shape-determining protein",">","","rodA","","","ACIAD2263","","ACIAD2263","","","snp_synonymous","","49","1","T","","2285455","2285455","2285455","326","1","A","","","","","AB13_v2.2","","synonymous","-1","SF5208","11","","SNP"
"*","4","S","","TAA","4","2","","TCA","1.65523529e-01","ACIAD2300","11","hypothetical protein","<","ACIAD2300","","","","ACIAD2300","ACIAD2300","","","","snp_nonsense","","60","1","T","","2323177","2323177","2323177","250","1","G","","","","","AB13_v2.2","","nonsense","-1","SF5208","11","","SNP"
"","","","","","","","","","6.70385361e-02","tolR/tolB","intergenic (+520/-589)","group A colicins tolerance protein/translocation protein TolB",">/>","","","tolB","","ACIAD2620/ACIAD2622","","","ACIAD2622","","snp_intergenic","","69","1","A","","2626541","2626541","2626541","956","1","G","","","","","AB13_v2.2","","intergenic","-1","SF5208","","","SNP"
"","","","","","","","","","1","tolR/tolB","intergenic (+535/-574)","group A colicins tolerance protein/translocation protein TolB",">/>","","","tolB","1","ACIAD2620/ACIAD2622","","","ACIAD2622","","large_insertion","","95","1","ACGAAGCAGAGGCTAAAGCAAAAGCCGAGGCTGCTGCAAAAGCCAAACGCGAAGCAGATGCTAAAGCAAAAGCCGATGCTGCTGCTAAAGCCAAAAACGAAGCCGAGGCTAAAGCAAAAGCCGAGGCTGCTGCTAAAGCCAAAC","","2626556","2626556","2626556","180","2","C","","","","","AB13_v2.2","","","-1","SF5208","","","INS"
"","","","","","","","","","5.62996864e-02","tolR/tolB","intergenic (+564/-545)","group A colicins tolerance protein/translocation protein TolB",">/>","","","tolB","","ACIAD2620/ACIAD2622","","","ACIAD2622","","snp_intergenic","","32","1","T","","2626585","2626585","2626585","507","1","G","","","","","AB13_v2.2","","intergenic","-1","SF5208","","","SNP"
"","","","","","","","","","6.02150538e-01","tolR/tolB","intergenic (+567/-542)","group A colicins tolerance protein/translocation protein TolB",">/>","","","tolB","1","ACIAD2620/ACIAD2622","","","ACIAD2622","","large_insertion","","41","1","ACTGCTAAAGCCAAAAACGAAGCAGAGGCCAAAGCAAAAGCCGAGGCTGCTGCTAAAGCCAAACGCGAAGCAGATGCTAAAGCAAAAGCCGAGGCTGCTGCTAAAGCCAAACGCGAAGCAGATGCTAAAGCAAAAGCCGAGGCT","","2626588","2626588","2626588","164","2","T","","","","","AB13_v2.2","","","-1","SF5208","","","INS"
"N","276","T","","AAC","276","2","","ACC","6.63938522e-02","rpoD","827","sigma D (sigma 70) factor of RNA polymerase, major sigma factor during exponential growth",">","","rpoD","","","ACIAD2925","","ACIAD2925","","","snp_nonsynonymous","","49","1","A","","2911794","2911794","2911794","388","1","C","","","","","AB13_v2.2","","nonsynonymous","-1","SF5208","11","","SNP"
"","","","","","","","","","9.23442841e-02","ACIAD3520/ACIAD3521","intergenic (+33/-183)","hypothetical protein/hypothetical protein",">/>","","","ACIAD3521","","ACIAD3520/ACIAD3521","","","ACIAD3521","","snp_intergenic","","40","1","T","","3499757","3499757","3499757","220","1","G","","","","","AB13_v2.2","","intergenic","-1","SF5208","","","SNP"
