"aa_new_seq","aa_position","aa_ref_seq","clone","codon_new_seq","codon_number","codon_position","codon_position_is_indeterminate","codon_ref_seq","frequency","gene_name","gene_position","gene_product","gene_strand","genes_inactivated","genes_overlapping","genes_promoter","insert_position","locus_tag","locus_tags_inactivated","locus_tags_overlapping","locus_tags_promoter","mutation_category","mutator_status","new_read_count","new_read_count_basis","new_seq","population","position","position_end","position_start","ref_read_count","ref_read_count_basis","ref_seq","repeat_length","repeat_new_copies","repeat_ref_copies","repeat_seq","seq_id","size","snp_type","time","title","transl_table","treatment","type"
"","","","","","","","","","5.55982590e-02","ACIAD0064/fklB","intergenic (+163/+17)","MviN family virulence factor/FKBP-type peptidylprolyl isomerase",">/<","","","fklB","","ACIAD0064/ACIAD0065","","","ACIAD0065","snp_intergenic","","15","1","G","","62444","62444","62444","252","1","C","","","","","AB3_v2.2","","intergenic","-1","SF5201","","","SNP"
"","","","","","","","","","2.08774859e-01","ACIAD0085","coding (177/798 nt)","glycosyl transferase",">","ACIAD0085","","","1","ACIAD0085","ACIAD0085","","","small_indel","","55","1","TTTGGC","","80344","80344","80344","414","2","T","","","","","AB3_v2.2","","","-1","SF5201","","","INS"
"P","133","L","","CCA","133","2","","CTA","8.24360847e-02","galU","398","UTP-glucose-1-phosphate uridylyltransferase",">","","galU","","","ACIAD0099","","ACIAD0099","","snp_nonsynonymous","","28","1","C","","96321","96321","96321","310","1","T","","","","","AB3_v2.2","","nonsynonymous","-1","SF5201","11","","SNP"
"","","","","","","","","","9.05615013e-02","pgi","coding (973-981/1674 nt)","glucose-6-phosphate isomerase",">","pgi","","","","ACIAD0101","ACIAD0101","","","small_indel","","24","1","","","99078","99086","99078","501","2","TTGATGGGG","","","","","AB3_v2.2","9","","-1","SF5201","","","DEL"
"P","544","T","","CCG","544","1","","ACG","1.45677567e-01","pgi","1630","glucose-6-phosphate isomerase",">","","pgi","","","ACIAD0101","","ACIAD0101","","snp_nonsynonymous","","49","1","C","","99735","99735","99735","284","1","A","","","","","AB3_v2.2","","nonsynonymous","-1","SF5201","11","","SNP"
"F","123","L","","TTT","123","3","","TTG","1.06440067e-01","ACIAD0120","369","pili assembly chaperone, required for type 1 fimbriae",">","","ACIAD0120","","","ACIAD0120","","ACIAD0120","","snp_nonsynonymous","","38","1","T","","121384","121384","121384","234","1","G","","","","","AB3_v2.2","","nonsynonymous","-1","SF5201","11","","SNP"
"","","","","","","","","","6.85102327e-01","ACIADtRNAGly_3","noncoding (1/76 nt)","tRNA-Gly","<","ACIADtRNAGly_3","","","1","ACIADtRNAGly_3","ACIADtRNAGly_3","","","large_insertion","","229","1","AAAATGAGCAGTTTTGATAAAAACTTTCACAAAAAATAATCTGGAGCGGGAAACGAGACTCGAACTCGCGACCCCAACCTTGGCAAGGTTGTGCTCTACCAACTGAGCTATTCCCGC","","145222","145222","145222","313","2","C","","","","","AB3_v2.2","","","-1","SF5201","","","INS"
"L","1270","L","","CTC","1270","3","","CTT","7.71932602e-02","rpoB","3810","DNA-directed RNA polymerase subunit beta",">","","rpoB","","","ACIAD0307","","ACIAD0307","","snp_synonymous","","27","1","C","","305950","305950","305950","322","1","T","","","","","AB3_v2.2","","synonymous","-1","SF5201","11","","SNP"
"T","1272","T","","ACG","1272","3","","ACA","9.40551758e-02","rpoB","3816","DNA-directed RNA polymerase subunit beta",">","","rpoB","","","ACIAD0307","","ACIAD0307","","snp_synonymous","","28","1","G","","305956","305956","305956","271","1","A","","","","","AB3_v2.2","","synonymous","-1","SF5201","11","","SNP"
"L","1276","L","","CTC","1276","3","","CTT","9.43698883e-02","rpoB","3828","DNA-directed RNA polymerase subunit beta",">","","rpoB","","","ACIAD0307","","ACIAD0307","","snp_synonymous","","29","1","C","","305968","305968","305968","277","1","T","","","","","AB3_v2.2","","synonymous","-1","SF5201","11","","SNP"
"G","1277","G","","GGC","1277","3","","GGT","9.40675735e-02","rpoB","3831","DNA-directed RNA polymerase subunit beta",">","","rpoB","","","ACIAD0307","","ACIAD0307","","snp_synonymous","","29","1","C","","305971","305971","305971","279","1","T","","","","","AB3_v2.2","","synonymous","-1","SF5201","11","","SNP"
"A","1280","A","","GCT","1280","3","","GCA","9.36331749e-02","rpoB","3840","DNA-directed RNA polymerase subunit beta",">","","rpoB","","","ACIAD0307","","ACIAD0307","","snp_synonymous","","31","1","T","","305980","305980","305980","300","1","A","","","","","AB3_v2.2","","synonymous","-1","SF5201","11","","SNP"
"G","1284","G","","GGA","1284","3","","GGT","1.01207733e-01","rpoB","3852","DNA-directed RNA polymerase subunit beta",">","","rpoB","","","ACIAD0307","","ACIAD0307","","snp_synonymous","","33","1","A","","305992","305992","305992","293","1","T","","","","","AB3_v2.2","","synonymous","-1","SF5201","11","","SNP"
"Q","1285","Q","","CAA","1285","3","","CAG","1.01783276e-01","rpoB","3855","DNA-directed RNA polymerase subunit beta",">","","rpoB","","","ACIAD0307","","ACIAD0307","","snp_synonymous","","33","1","A","","305995","305995","305995","291","1","G","","","","","AB3_v2.2","","synonymous","-1","SF5201","11","","SNP"
"R","1286","R","","CGC","1286","3","","CGT","9.99422073e-02","rpoB","3858","DNA-directed RNA polymerase subunit beta",">","","rpoB","","","ACIAD0307","","ACIAD0307","","snp_synonymous","","33","1","C","","305998","305998","305998","297","1","T","","","","","AB3_v2.2","","synonymous","-1","SF5201","11","","SNP"
"V","1292","V","","GTG","1292","3","","GTC","1.05257511e-01","rpoB","3876","DNA-directed RNA polymerase subunit beta",">","","rpoB","","","ACIAD0307","","ACIAD0307","","snp_synonymous","","38","1","G","","306016","306016","306016","323","1","C","","","","","AB3_v2.2","","synonymous","-1","SF5201","11","","SNP"
"A","1294","A","","GCG","1294","3","","GCA","1.06661320e-01","rpoB","3882","DNA-directed RNA polymerase subunit beta",">","","rpoB","","","ACIAD0307","","ACIAD0307","","snp_synonymous","","38","1","G","","306022","306022","306022","318","1","A","","","","","AB3_v2.2","","synonymous","-1","SF5201","11","","SNP"
"L","1295","L","","CTG","1295","3","","CTC","1.01610661e-01","rpoB","3885","DNA-directed RNA polymerase subunit beta",">","","rpoB","","","ACIAD0307","","ACIAD0307","","snp_synonymous","","38","1","G","","306025","306025","306025","336","1","C","","","","","AB3_v2.2","","synonymous","-1","SF5201","11","","SNP"
"","","","","","","","","","3.18747520e-01","ACIADrRNA16S_1/ACIADtRNAIle_1","intergenic (+18/-44)","16S/tRNA-Ile",">/>","","","ACIADtRNAIle_1","","ACIADrRNA16S_1/ACIADtRNAIle_1","","","ACIADtRNAIle_1","snp_intergenic","","282","1","T","","646024","646024","646024","602","1","C","","","","","AB3_v2.2","","intergenic","-1","SF5201","","","SNP"
"","","","","","","","","","6.56571388e-02","ACIADrRNA23S_8","noncoding (2246/2899 nt)","23S",">","","ACIADrRNA23S_8","","","ACIADrRNA23S_8","","ACIADrRNA23S_8","","snp_noncoding","","12","1","G","","648935","648935","648935","171","1","T","","","","","AB3_v2.2","","noncoding","-1","SF5201","","","SNP"
"","","","","","","","","","7.24339485e-02","ACIADrRNA23S_8","noncoding (2268/2899 nt)","23S",">","","ACIADrRNA23S_8","","","ACIADrRNA23S_8","","ACIADrRNA23S_8","","snp_noncoding","","10","1","C","","648957","648957","648957","128","1","A","","","","","AB3_v2.2","","noncoding","-1","SF5201","","","SNP"
"","","","","","","","","","7.29322433e-02","ACIADrRNA23S_8","noncoding (2270/2899 nt)","23S",">","","ACIADrRNA23S_8","","","ACIADrRNA23S_8","","ACIADrRNA23S_8","","snp_noncoding","","10","1","C","","648959","648959","648959","127","1","T","","","","","AB3_v2.2","","noncoding","-1","SF5201","","","SNP"
"","","","","","","","","","7.31635094e-02","ACIADrRNA23S_8","noncoding (2271/2899 nt)","23S",">","","ACIADrRNA23S_8","","","ACIADrRNA23S_8","","ACIADrRNA23S_8","","snp_noncoding","","10","1","C","","648960","648960","648960","127","1","A","","","","","AB3_v2.2","","noncoding","-1","SF5201","","","SNP"
"","","","","","","","","","7.29856491e-02","ACIADrRNA23S_8","noncoding (2273/2899 nt)","23S",">","","ACIADrRNA23S_8","","","ACIADrRNA23S_8","","ACIADrRNA23S_8","","snp_noncoding","","10","1","C","","648962","648962","648962","127","1","G","","","","","AB3_v2.2","","noncoding","-1","SF5201","","","SNP"
"","","","","","","","","","1.01647854e-01","ACIADrRNA23S_8","noncoding (2279/2899 nt)","23S",">","","ACIADrRNA23S_8","","","ACIADrRNA23S_8","","ACIADrRNA23S_8","","snp_noncoding","","10","1","T","","648968","648968","648968","88","1","G","","","","","AB3_v2.2","","noncoding","-1","SF5201","","","SNP"
"","","","","","","","","","1.02027893e-01","ACIADrRNA23S_8","noncoding (2281/2899 nt)","23S",">","","ACIADrRNA23S_8","","","ACIADrRNA23S_8","","ACIADrRNA23S_8","","snp_noncoding","","10","1","C","","648970","648970","648970","88","1","G","","","","","AB3_v2.2","","noncoding","-1","SF5201","","","SNP"
"","","","","","","","","","1.06319427e-01","ACIADrRNA23S_8","noncoding (2287/2899 nt)","23S",">","","ACIADrRNA23S_8","","","ACIADrRNA23S_8","","ACIADrRNA23S_8","","snp_noncoding","","10","1","A","","648976","648976","648976","84","1","C","","","","","AB3_v2.2","","noncoding","-1","SF5201","","","SNP"
"","","","","","","","","","1.12293243e-01","ACIADrRNA23S_8","noncoding (2288/2899 nt)","23S",">","","ACIADrRNA23S_8","","","ACIADrRNA23S_8","","ACIADrRNA23S_8","","snp_noncoding","","10","1","A","","648977","648977","648977","79","1","G","","","","","AB3_v2.2","","noncoding","-1","SF5201","","","SNP"
"","","","","","","","","","1.20416164e-01","ACIADrRNA23S_8","noncoding (2293/2899 nt)","23S",">","","ACIADrRNA23S_8","","","ACIADrRNA23S_8","","ACIADrRNA23S_8","","snp_noncoding","","10","1","T","","648982","648982","648982","73","1","C","","","","","AB3_v2.2","","noncoding","-1","SF5201","","","SNP"
"","","","","","","","","","1.31233215e-01","ACIADrRNA23S_8","noncoding (2302/2899 nt)","23S",">","","ACIADrRNA23S_8","","","ACIADrRNA23S_8","","ACIADrRNA23S_8","","snp_noncoding","","10","1","T","","648991","648991","648991","66","1","C","","","","","AB3_v2.2","","noncoding","-1","SF5201","","","SNP"
"","","","","","","","","","1.31699085e-01","ACIADrRNA23S_8","noncoding (2303/2899 nt)","23S",">","","ACIADrRNA23S_8","","","ACIADrRNA23S_8","","ACIADrRNA23S_8","","snp_noncoding","","10","1","T","","648992","648992","648992","66","1","G","","","","","AB3_v2.2","","noncoding","-1","SF5201","","","SNP"
"","","","","","","","","","1.37022495e-01","ACIADrRNA23S_8","noncoding (2306/2899 nt)","23S",">","","ACIADrRNA23S_8","","","ACIADrRNA23S_8","","ACIADrRNA23S_8","","snp_noncoding","","10","1","A","","648995","648995","648995","63","1","T","","","","","AB3_v2.2","","noncoding","-1","SF5201","","","SNP"
"","","","","","","","","","1.69445038e-01","ACIADrRNA23S_8","noncoding (2312/2899 nt)","23S",">","","ACIADrRNA23S_8","","","ACIADrRNA23S_8","","ACIADrRNA23S_8","","snp_noncoding","","10","1","G","","649001","649001","649001","49","1","A","","","","","AB3_v2.2","","noncoding","-1","SF5201","","","SNP"
"","","","","","","","","","1.69425488e-01","ACIADrRNA23S_8","noncoding (2313/2899 nt)","23S",">","","ACIADrRNA23S_8","","","ACIADrRNA23S_8","","ACIADrRNA23S_8","","snp_noncoding","","10","1","C","","649002","649002","649002","49","1","T","","","","","AB3_v2.2","","noncoding","-1","SF5201","","","SNP"
"","","","","","","","","","3.84809017e-01","ACIADrRNA23S_8","noncoding (2325/2899 nt)","23S",">","","ACIADrRNA23S_8","","","ACIADrRNA23S_8","","ACIADrRNA23S_8","","snp_noncoding","","10","1","G","","649014","649014","649014","16","1","C","","","","","AB3_v2.2","","noncoding","-1","SF5201","","","SNP"
"","","","","","","","","","3.78859043e-01","ACIADrRNA23S_8","noncoding (2327/2899 nt)","23S",">","","ACIADrRNA23S_8","","","ACIADrRNA23S_8","","ACIADrRNA23S_8","","snp_noncoding","","10","1","A","","649016","649016","649016","16","1","C","","","","","AB3_v2.2","","noncoding","-1","SF5201","","","SNP"
"","","","","","","","","","4.76196766e-01","ACIADrRNA23S_8","noncoding (2332/2899 nt)","23S",">","","ACIADrRNA23S_8","","","ACIADrRNA23S_8","","ACIADrRNA23S_8","","snp_noncoding","","10","1","G","","649021","649021","649021","11","1","A","","","","","AB3_v2.2","","noncoding","-1","SF5201","","","SNP"
"R","69","R","","CGT","69","3","","CGC","5.32765388e-02","ACIAD1796","207","hypothetical protein",">","","ACIAD1796","","","ACIAD1796","","ACIAD1796","","snp_synonymous","","4","1","T","","1855374","1855374","1855374","71","1","C","","","","","AB3_v2.2","","synonymous","-1","SF5201","11","","SNP"
"","","","","","","","","","6.89320564e-02","ACIAD1850/ACIAD1851","intergenic (+44/+524)","hypothetical protein/hypothetical protein",">/<","","","ACIAD1851","","ACIAD1850/ACIAD1851","","","ACIAD1851","snp_intergenic","","9","1","G","","1902775","1902775","1902775","115","1","C","","","","","AB3_v2.2","","intergenic","-1","SF5201","","","SNP"
"","","","","","","","","","6.89058304e-02","glnA/ACIAD2460","intergenic (-604/-19)","glutamine synthetase/hypothetical protein","</>","","","","","ACIAD2458/ACIAD2460","","","","snp_intergenic","","30","1","T","","2474895","2474895","2474895","203","1","G","","","","","AB3_v2.2","","intergenic","-1","SF5201","","","SNP"
"","","","","","","","","","6.16545677e-02","tolR/tolB","intergenic (+516/-593)","group A colicins tolerance protein/translocation protein TolB",">/>","","","tolB","","ACIAD2620/ACIAD2622","","","ACIAD2622","snp_intergenic","","57","1","T","","2626622","2626622","2626622","824","1","G","","","","","AB3_v2.2","","intergenic","-1","SF5201","","","SNP"
"","","","","","","","","","1","tolR/tolB","intergenic (+534/-575)","group A colicins tolerance protein/translocation protein TolB",">/>","","","tolB","1","ACIAD2620/ACIAD2622","","","ACIAD2622","large_insertion","","46","1","AACGAAGCCGAGGCTAAAGCAAAAGCCGAGGCTGCTGCTAAAGCCAAACGCGAAGCAGATGCTAAAGCAAAAGCCGAGGCTACTGCTAAAGCCAAAAACGAAGCAGAGGCCAAAGCAAAAGCCGAGGCTGCTGCTAAAGCCAAA","","2626640","2626640","2626640","155","2","A","","","","","AB3_v2.2","","","-1","SF5201","","","INS"
"","","","","","","","","","8.85865806e-01","tolR/tolB","intergenic (+535/-574)","group A colicins tolerance protein/translocation protein TolB",">/>","","","tolB","1","ACIAD2620/ACIAD2622","","","ACIAD2622","large_insertion","","34","1","ACGAAGCAGAGGCTAAAGCAAAAGCCGAGGCTGCTGCAAAAGCCAAACGCGAAGCAGATGCTAAAGCAAAAGCCGATGCTGCTGCTAAAGCCAAAAACGAAGCCGAGGCTAAAGCAAAAGCCGAGGCTGCTGCTAAAGCCAAAC","","2626641","2626641","2626641","165","2","C","","","","","AB3_v2.2","","","-1","SF5201","","","INS"
"","","","","","","","","","7.85009141e-01","tolR/tolB","intergenic (+545/-564)","group A colicins tolerance protein/translocation protein TolB",">/>","","","tolB","1","ACIAD2620/ACIAD2622","","","ACIAD2622","large_insertion","","38","1","GGCCAAAGCTAAAGCCGAGGCTACTGCTAAAGCCAAAAACGAAGCAGAGACCAAAGCTAAAGCCGAGGCTACTGCTAAAGCCAAACACGAAGCAGAGGCTAAAGCAAAAGCCGAGGCTGCTGCTAAAGCCAAACGCGAAGCAGA","","2626651","2626651","2626651","147","2","A","","","","","AB3_v2.2","","","-1","SF5201","","","INS"
"","","","","","","","","","7.52706078e-01","tolR/tolB","intergenic (+563/-546)","group A colicins tolerance protein/translocation protein TolB",">/>","","","tolB","1","ACIAD2620/ACIAD2622","","","ACIAD2622","large_insertion","","16","1","TGCTGCTGCTAAAGCCAAAAACGAAGCCGAGGCTAAAGCAAAAGCCGAGGCTGCTGCTAAAGCCAAACGCGAAGCAGATGCTAAAGCAAAAGCCGAGGCTACTGCTAAAGCCAAACGCGAAGCAGATGCTAAAGCAAAAGCCGA","","2626669","2626669","2626669","99","2","A","","","","","AB3_v2.2","","","-1","SF5201","","","INS"
"","","","","","","","","","5.60636520e-02","tolR/tolB","intergenic (+564/-545)","group A colicins tolerance protein/translocation protein TolB",">/>","","","tolB","","ACIAD2620/ACIAD2622","","","ACIAD2622","snp_intergenic","","16","1","T","","2626670","2626670","2626670","249","1","G","","","","","AB3_v2.2","","intergenic","-1","SF5201","","","SNP"
"","","","","","","","","","NA","tolR/tolB","intergenic (+567/-542)","group A colicins tolerance protein/translocation protein TolB",">/>","","","tolB","1","ACIAD2620/ACIAD2622","","","ACIAD2622","large_insertion","","12","1","ACTGCTAAAGCCAAAAACGAAGCAGAGGCCAAAGCAAAAGCCGAGGCTGCTGCTAAAGCCAAACGCGAAGCAGATGCTAAAGCAAAAGCCGAGGCTACTGCTAAAGCCAAAAACGAAGCAGATGCTAAAGCAAAAGCCGAGGCT","","2626673","2626673","2626673","39","2","T","","","","","AB3_v2.2","","","-1","SF5201","","","INS"
"","","","","","","","","","7.52330226e-01","tolR/tolB","intergenic (+567/-542)","group A colicins tolerance protein/translocation protein TolB",">/>","","","tolB","1","ACIAD2620/ACIAD2622","","","ACIAD2622","large_insertion","","20","1","ACTGCTAAAGCCAAAAACGAAGCAGAGGCCAAAGCAAAAGCCGAGGCTGCTGCTAAAGCCAAACGCGAAGCAGATGCTAAAGCAAAAGCCGAGGCTACTGCTAAAGCCAAACGCGAAGCAGATGCTAAAGCAAAAGCCGAGGCT","","2626673","2626673","2626673","93","2","T","","","","","AB3_v2.2","","","-1","SF5201","","","INS"
"*","350","E","","TAA","350","1","","GAA","1.12002850e-01","ACIAD2672","1048","transcriptional regulator",">","","ACIAD2672","","","ACIAD2672","","ACIAD2672","","snp_nonsense","","40","1","T","","2679404","2679404","2679404","187","1","G","","","","","AB3_v2.2","","nonsense","-1","SF5201","11","","SNP"
"","","","","","","","","","1.23852253e-01","ACIAD3520/ACIAD3521","intergenic (+27/-189)","hypothetical protein/hypothetical protein",">/>","","","ACIAD3521","","ACIAD3520/ACIAD3521","","","ACIAD3521","snp_intergenic","","36","1","T","","3506088","3506088","3506088","161","1","G","","","","","AB3_v2.2","","intergenic","-1","SF5201","","","SNP"
"","","","","","","","","","9.05165672e-02","ACIAD3520/ACIAD3521","intergenic (+35/-181)","hypothetical protein/hypothetical protein",">/>","","","ACIAD3521","","ACIAD3520/ACIAD3521","","","ACIAD3521","snp_intergenic","","25","1","A","","3506096","3506096","3506096","160","1","C","","","","","AB3_v2.2","","intergenic","-1","SF5201","","","SNP"
"T","108","P","","ACC","108","1","","CCC","1.80140495e-01","ACIAD0120","322","pili assembly chaperone, required for type 1 fimbriae",">","","ACIAD0120","","","ACIAD0120","","ACIAD0120","","snp_nonsynonymous","","77","1","A","","121337","121337","121337","249","1","C","","","","","AB3_v2.2","","nonsynonymous","-1","SF5202","11","","SNP"
"F","123","L","","TTT","123","3","","TTG","8.90398026e-02","ACIAD0120","369","pili assembly chaperone, required for type 1 fimbriae",">","","ACIAD0120","","","ACIAD0120","","ACIAD0120","","snp_nonsynonymous","","44","1","T","","121384","121384","121384","295","1","G","","","","","AB3_v2.2","","nonsynonymous","-1","SF5202","11","","SNP"
"","","","","","","","","","6.03638038e-01","ACIADtRNAGly_3","noncoding (1/76 nt)","tRNA-Gly","<","ACIADtRNAGly_3","","","1","ACIADtRNAGly_3","ACIADtRNAGly_3","","","large_insertion","","232","1","AAAATGAGCAGTTTTGATAAAAACTTTCACAAAAAATAATCTGGAGCGGGAAACGAGACTCGAACTCGCGACCCCAACCTTGGCAAGGTTGTGCTCTACCAACTGAGCTATTCCCGC","","145222","145222","145222","453","2","C","","","","","AB3_v2.2","","","-1","SF5202","","","INS"
"T","1272","T","","ACG","1272","3","","ACA","5.26986122e-02","rpoB","3816","DNA-directed RNA polymerase subunit beta",">","","rpoB","","","ACIAD0307","","ACIAD0307","","snp_synonymous","","21","1","G","","305956","305956","305956","377","1","A","","","","","AB3_v2.2","","synonymous","-1","SF5202","11","","SNP"
"L","1276","L","","CTC","1276","3","","CTT","5.42669296e-02","rpoB","3828","DNA-directed RNA polymerase subunit beta",">","","rpoB","","","ACIAD0307","","ACIAD0307","","snp_synonymous","","21","1","C","","305968","305968","305968","365","1","T","","","","","AB3_v2.2","","synonymous","-1","SF5202","11","","SNP"
"G","1277","G","","GGC","1277","3","","GGT","5.42345047e-02","rpoB","3831","DNA-directed RNA polymerase subunit beta",">","","rpoB","","","ACIAD0307","","ACIAD0307","","snp_synonymous","","21","1","C","","305971","305971","305971","365","1","T","","","","","AB3_v2.2","","synonymous","-1","SF5202","11","","SNP"
"A","1280","A","","GCT","1280","3","","GCA","5.32093048e-02","rpoB","3840","DNA-directed RNA polymerase subunit beta",">","","rpoB","","","ACIAD0307","","ACIAD0307","","snp_synonymous","","23","1","T","","305980","305980","305980","398","1","A","","","","","AB3_v2.2","","synonymous","-1","SF5202","11","","SNP"
"G","1284","G","","GGA","1284","3","","GGT","6.03008270e-02","rpoB","3852","DNA-directed RNA polymerase subunit beta",">","","rpoB","","","ACIAD0307","","ACIAD0307","","snp_synonymous","","24","1","A","","305992","305992","305992","373","1","T","","","","","AB3_v2.2","","synonymous","-1","SF5202","11","","SNP"
"Q","1285","Q","","CAA","1285","3","","CAG","5.95998764e-02","rpoB","3855","DNA-directed RNA polymerase subunit beta",">","","rpoB","","","ACIAD0307","","ACIAD0307","","snp_synonymous","","24","1","A","","305995","305995","305995","378","1","G","","","","","AB3_v2.2","","synonymous","-1","SF5202","11","","SNP"
"R","1286","R","","CGC","1286","3","","CGT","5.83596230e-02","rpoB","3858","DNA-directed RNA polymerase subunit beta",">","","rpoB","","","ACIAD0307","","ACIAD0307","","snp_synonymous","","24","1","C","","305998","305998","305998","385","1","T","","","","","AB3_v2.2","","synonymous","-1","SF5202","11","","SNP"
"V","1292","V","","GTG","1292","3","","GTC","5.96876144e-02","rpoB","3876","DNA-directed RNA polymerase subunit beta",">","","rpoB","","","ACIAD0307","","ACIAD0307","","snp_synonymous","","24","1","G","","306016","306016","306016","378","1","C","","","","","AB3_v2.2","","synonymous","-1","SF5202","11","","SNP"
"A","1294","A","","GCG","1294","3","","GCA","6.08525276e-02","rpoB","3882","DNA-directed RNA polymerase subunit beta",">","","rpoB","","","ACIAD0307","","ACIAD0307","","snp_synonymous","","24","1","G","","306022","306022","306022","370","1","A","","","","","AB3_v2.2","","synonymous","-1","SF5202","11","","SNP"
"L","1295","L","","CTG","1295","3","","CTC","5.75518608e-02","rpoB","3885","DNA-directed RNA polymerase subunit beta",">","","rpoB","","","ACIAD0307","","ACIAD0307","","snp_synonymous","","24","1","G","","306025","306025","306025","392","1","C","","","","","AB3_v2.2","","synonymous","-1","SF5202","11","","SNP"
"L","178","*","","TTA","178","2","","TGA","8.71472359e-02","msrA","533","methionine sulfoxide reductase A","<","","msrA","","","ACIAD0510","","ACIAD0510","","snp_nonsynonymous","","35","1","A","","498468","498468","498468","213","1","C","","","","","AB3_v2.2","","nonsynonymous","-1","SF5202","11","","SNP"
"A","165","A","","GCA","165","3","","GCC","6.05525970e-02","msrA","495","methionine sulfoxide reductase A","<","","msrA","","","ACIAD0510","","ACIAD0510","","snp_synonymous","","25","1","T","","498506","498506","498506","240","1","G","","","","","AB3_v2.2","","synonymous","-1","SF5202","11","","SNP"
"","","","","","","","","","3.18869591e-01","ACIADrRNA16S_1/ACIADtRNAIle_1","intergenic (+18/-44)","16S/tRNA-Ile",">/>","","","ACIADtRNAIle_1","","ACIADrRNA16S_1/ACIADtRNAIle_1","","","ACIADtRNAIle_1","snp_intergenic","","328","1","T","","646024","646024","646024","700","1","C","","","","","AB3_v2.2","","intergenic","-1","SF5202","","","SNP"
"","","","","","","","","","5.13100624e-02","ACIADrRNA23S_8","noncoding (2220/2899 nt)","23S",">","","ACIADrRNA23S_8","","","ACIADrRNA23S_8","","ACIADrRNA23S_8","","snp_noncoding","","16","1","A","","648909","648909","648909","294","1","T","","","","","AB3_v2.2","","noncoding","-1","SF5202","","","SNP"
"","","","","","","","","","5.14717102e-02","ACIADrRNA23S_8","noncoding (2223/2899 nt)","23S",">","","ACIADrRNA23S_8","","","ACIADrRNA23S_8","","ACIADrRNA23S_8","","snp_noncoding","","16","1","C","","648912","648912","648912","292","1","T","","","","","AB3_v2.2","","noncoding","-1","SF5202","","","SNP"
"","","","","","","","","","5.30014038e-02","ACIADrRNA23S_8","noncoding (2227/2899 nt)","23S",">","","ACIADrRNA23S_8","","","ACIADrRNA23S_8","","ACIADrRNA23S_8","","snp_noncoding","","16","1","C","","648916","648916","648916","285","1","T","","","","","AB3_v2.2","","noncoding","-1","SF5202","","","SNP"
"","","","","","","","","","7.05161095e-02","ACIADrRNA23S_8","noncoding (2246/2899 nt)","23S",">","","ACIADrRNA23S_8","","","ACIADrRNA23S_8","","ACIADrRNA23S_8","","snp_noncoding","","16","1","G","","648935","648935","648935","211","1","T","","","","","AB3_v2.2","","noncoding","-1","SF5202","","","SNP"
"","","","","","","","","","8.86626244e-02","ACIADrRNA23S_8","noncoding (2268/2899 nt)","23S",">","","ACIADrRNA23S_8","","","ACIADrRNA23S_8","","ACIADrRNA23S_8","","snp_noncoding","","16","1","C","","648957","648957","648957","165","1","A","","","","","AB3_v2.2","","noncoding","-1","SF5202","","","SNP"
"","","","","","","","","","8.83388519e-02","ACIADrRNA23S_8","noncoding (2270/2899 nt)","23S",">","","ACIADrRNA23S_8","","","ACIADrRNA23S_8","","ACIADrRNA23S_8","","snp_noncoding","","16","1","C","","648959","648959","648959","165","1","T","","","","","AB3_v2.2","","noncoding","-1","SF5202","","","SNP"
"","","","","","","","","","8.85396004e-02","ACIADrRNA23S_8","noncoding (2271/2899 nt)","23S",">","","ACIADrRNA23S_8","","","ACIADrRNA23S_8","","ACIADrRNA23S_8","","snp_noncoding","","16","1","C","","648960","648960","648960","165","1","A","","","","","AB3_v2.2","","noncoding","-1","SF5202","","","SNP"
"","","","","","","","","","8.94007683e-02","ACIADrRNA23S_8","noncoding (2273/2899 nt)","23S",">","","ACIADrRNA23S_8","","","ACIADrRNA23S_8","","ACIADrRNA23S_8","","snp_noncoding","","16","1","C","","648962","648962","648962","162","1","G","","","","","AB3_v2.2","","noncoding","-1","SF5202","","","SNP"
"","","","","","","","","","1.14888191e-01","ACIADrRNA23S_8","noncoding (2279/2899 nt)","23S",">","","ACIADrRNA23S_8","","","ACIADrRNA23S_8","","ACIADrRNA23S_8","","snp_noncoding","","16","1","T","","648968","648968","648968","120","1","G","","","","","AB3_v2.2","","noncoding","-1","SF5202","","","SNP"
"","","","","","","","","","1.24465466e-01","ACIADrRNA23S_8","noncoding (2281/2899 nt)","23S",">","","ACIADrRNA23S_8","","","ACIADrRNA23S_8","","ACIADrRNA23S_8","","snp_noncoding","","17","1","C","","648970","648970","648970","119","1","G","","","","","AB3_v2.2","","noncoding","-1","SF5202","","","SNP"
"","","","","","","","","","1.25052929e-01","ACIADrRNA23S_8","noncoding (2287/2899 nt)","23S",">","","ACIADrRNA23S_8","","","ACIADrRNA23S_8","","ACIADrRNA23S_8","","snp_noncoding","","16","1","A","","648976","648976","648976","112","1","C","","","","","AB3_v2.2","","noncoding","-1","SF5202","","","SNP"
"","","","","","","","","","1.31096363e-01","ACIADrRNA23S_8","noncoding (2288/2899 nt)","23S",">","","ACIADrRNA23S_8","","","ACIADrRNA23S_8","","ACIADrRNA23S_8","","snp_noncoding","","16","1","A","","648977","648977","648977","106","1","G","","","","","AB3_v2.2","","noncoding","-1","SF5202","","","SNP"
"","","","","","","","","","1.38830662e-01","ACIADrRNA23S_8","noncoding (2293/2899 nt)","23S",">","","ACIADrRNA23S_8","","","ACIADrRNA23S_8","","ACIADrRNA23S_8","","snp_noncoding","","16","1","T","","648982","648982","648982","99","1","C","","","","","AB3_v2.2","","noncoding","-1","SF5202","","","SNP"
"","","","","","","","","","1.55295849e-01","ACIADrRNA23S_8","noncoding (2302/2899 nt)","23S",">","","ACIADrRNA23S_8","","","ACIADrRNA23S_8","","ACIADrRNA23S_8","","snp_noncoding","","16","1","T","","648991","648991","648991","87","1","C","","","","","AB3_v2.2","","noncoding","-1","SF5202","","","SNP"
"","","","","","","","","","1.55622005e-01","ACIADrRNA23S_8","noncoding (2303/2899 nt)","23S",">","","ACIADrRNA23S_8","","","ACIADrRNA23S_8","","ACIADrRNA23S_8","","snp_noncoding","","16","1","T","","648992","648992","648992","87","1","G","","","","","AB3_v2.2","","noncoding","-1","SF5202","","","SNP"
"","","","","","","","","","1.66826248e-01","ACIADrRNA23S_8","noncoding (2306/2899 nt)","23S",">","","ACIADrRNA23S_8","","","ACIADrRNA23S_8","","ACIADrRNA23S_8","","snp_noncoding","","17","1","A","","648995","648995","648995","85","1","T","","","","","AB3_v2.2","","noncoding","-1","SF5202","","","SNP"
"","","","","","","","","","1.76428318e-01","ACIADrRNA23S_8","noncoding (2312/2899 nt)","23S",">","","ACIADrRNA23S_8","","","ACIADrRNA23S_8","","ACIADrRNA23S_8","","snp_noncoding","","16","1","G","","649001","649001","649001","74","1","A","","","","","AB3_v2.2","","noncoding","-1","SF5202","","","SNP"
"","","","","","","","","","1.75762177e-01","ACIADrRNA23S_8","noncoding (2313/2899 nt)","23S",">","","ACIADrRNA23S_8","","","ACIADrRNA23S_8","","ACIADrRNA23S_8","","snp_noncoding","","16","1","C","","649002","649002","649002","75","1","T","","","","","AB3_v2.2","","noncoding","-1","SF5202","","","SNP"
"","","","","","","","","","3.57141018e-01","ACIADrRNA23S_8","noncoding (2325/2899 nt)","23S",">","","ACIADrRNA23S_8","","","ACIADrRNA23S_8","","ACIADrRNA23S_8","","snp_noncoding","","10","1","G","","649014","649014","649014","18","1","C","","","","","AB3_v2.2","","noncoding","-1","SF5202","","","SNP"
"","","","","","","","","","3.57117653e-01","ACIADrRNA23S_8","noncoding (2327/2899 nt)","23S",">","","ACIADrRNA23S_8","","","ACIADrRNA23S_8","","ACIADrRNA23S_8","","snp_noncoding","","10","1","A","","649016","649016","649016","18","1","C","","","","","AB3_v2.2","","noncoding","-1","SF5202","","","SNP"
"","","","","","","","","","5.00016212e-01","ACIADrRNA23S_8","noncoding (2332/2899 nt)","23S",">","","ACIADrRNA23S_8","","","ACIADrRNA23S_8","","ACIADrRNA23S_8","","snp_noncoding","","10","1","G","","649021","649021","649021","10","1","A","","","","","AB3_v2.2","","noncoding","-1","SF5202","","","SNP"
"V","58","G","","GTA","58","2","","GGA","5.71951866e-02","ACIAD0963","173","nicotinate phosphoribosyltransferase","<","","ACIAD0963","","","ACIAD0963","","ACIAD0963","","snp_nonsynonymous","","32","1","A","","947638","947638","947638","293","1","C","","","","","AB3_v2.2","","nonsynonymous","-1","SF5202","11","","SNP"
"S","117","A","","TCA","117","1","","GCA","1.29508018e-01","ACIAD1132","349","hypothetical protein",">","","ACIAD1132","","","ACIAD1132","","ACIAD1132","","snp_nonsynonymous","","43","1","T","","1117184","1117184","1117184","210","1","G","","","","","AB3_v2.2","","nonsynonymous","-1","SF5202","11","","SNP"
"Y","374","*","","TAT","374","3","","TAG","6.89387321e-02","ACIAD2101","1122","3-oxoacyl-ACP synthase","<","","ACIAD2101","","","ACIAD2101","","ACIAD2101","","snp_nonsynonymous","","26","1","A","","2139436","2139436","2139436","221","1","C","","","","","AB3_v2.2","","nonsynonymous","-1","SF5202","11","","SNP"
"*","4","S","","TAA","4","2","","TCA","1.94960117e-01","ACIAD2300","11","hypothetical protein","<","ACIAD2300","","","","ACIAD2300","ACIAD2300","","","snp_nonsense","","57","1","T","","2323262","2323262","2323262","191","1","G","","","","","AB3_v2.2","","nonsense","-1","SF5202","11","","SNP"
"","","","","","","","","","5.73387146e-02","tolR/tolB","intergenic (+447/-662)","group A colicins tolerance protein/translocation protein TolB",">/>","","","tolB","","ACIAD2620/ACIAD2622","","","ACIAD2622","snp_intergenic","","24","1","A","","2626553","2626553","2626553","395","1","G","","","","","AB3_v2.2","","intergenic","-1","SF5202","","","SNP"
"","","","","","","","","","5.71928024e-02","tolR/tolB","intergenic (+450/-659)","group A colicins tolerance protein/translocation protein TolB",">/>","","","tolB","","ACIAD2620/ACIAD2622","","","ACIAD2622","snp_intergenic","","25","1","T","","2626556","2626556","2626556","402","1","G","","","","","AB3_v2.2","","intergenic","-1","SF5202","","","SNP"
"","","","","","","","","","5.26266098e-02","tolR/tolB","intergenic (+451/-658)","group A colicins tolerance protein/translocation protein TolB",">/>","","","tolB","","ACIAD2620/ACIAD2622","","","ACIAD2622","snp_intergenic","","24","1","G","","2626557","2626557","2626557","431","1","T","","","","","AB3_v2.2","","intergenic","-1","SF5202","","","SNP"
"","","","","","","","","","6.45408630e-02","tolR/tolB","intergenic (+459/-650)","group A colicins tolerance protein/translocation protein TolB",">/>","","","tolB","","ACIAD2620/ACIAD2622","","","ACIAD2622","snp_intergenic","","25","1","A","","2626565","2626565","2626565","354","1","T","","","","","AB3_v2.2","","intergenic","-1","SF5202","","","SNP"
"","","","","","","","","","7.12623596e-02","tolR/tolB","intergenic (+465/-644)","group A colicins tolerance protein/translocation protein TolB",">/>","","","tolB","","ACIAD2620/ACIAD2622","","","ACIAD2622","snp_intergenic","","30","1","C","","2626571","2626571","2626571","390","1","A","","","","","AB3_v2.2","","intergenic","-1","SF5202","","","SNP"
"","","","","","","","","","7.20901489e-02","tolR/tolB","intergenic (+470/-639)","group A colicins tolerance protein/translocation protein TolB",">/>","","","tolB","","ACIAD2620/ACIAD2622","","","ACIAD2622","snp_intergenic","","31","1","C","","2626576","2626576","2626576","394","1","A","","","","","AB3_v2.2","","intergenic","-1","SF5202","","","SNP"
"","","","","","","","","","7.41019249e-02","tolR/tolB","intergenic (+471/-638)","group A colicins tolerance protein/translocation protein TolB",">/>","","","tolB","","ACIAD2620/ACIAD2622","","","ACIAD2622","snp_intergenic","","32","1","T","","2626577","2626577","2626577","393","1","A","","","","","AB3_v2.2","","intergenic","-1","SF5202","","","SNP"
"","","","","","","","","","5.93972206e-02","tolR/tolB","intergenic (+495/-614)","group A colicins tolerance protein/translocation protein TolB",">/>","","","tolB","","ACIAD2620/ACIAD2622","","","ACIAD2622","snp_intergenic","","30","1","C","","2626601","2626601","2626601","468","1","A","","","","","AB3_v2.2","","intergenic","-1","SF5202","","","SNP"
"","","","","","","","","","8.72278214e-02","tolR/tolB","intergenic (+520/-589)","group A colicins tolerance protein/translocation protein TolB",">/>","","","tolB","","ACIAD2620/ACIAD2622","","","ACIAD2622","snp_intergenic","","76","1","A","","2626626","2626626","2626626","791","1","G","","","","","AB3_v2.2","","intergenic","-1","SF5202","","","SNP"
"","","","","","","","","","1","tolR/tolB","intergenic (+534/-575)","group A colicins tolerance protein/translocation protein TolB",">/>","","","tolB","1","ACIAD2620/ACIAD2622","","","ACIAD2622","large_insertion","","31","1","AACGAAGCCGAGGCTAAAGCAAAAGCCGAGGCTGCTGCTAAAGCCAAACGCGAAGCAGATGCTAAAGCAAAAGCCGAGGCTACTGCTAAAGCCAAAAACGAAGCAGAGGCCAAAGCAAAAGCCGAGGCTGCTGCTAAAGCCAAA","","2626640","2626640","2626640","183","2","A","","","","","AB3_v2.2","","","-1","SF5202","","","INS"
"","","","","","","","","","9.48583421e-01","tolR/tolB","intergenic (+535/-574)","group A colicins tolerance protein/translocation protein TolB",">/>","","","tolB","1","ACIAD2620/ACIAD2622","","","ACIAD2622","large_insertion","","96","1","ACGAAGCAGAGGCTAAAGCAAAAGCCGAGGCTGCTGCAAAAGCCAAACGCGAAGCAGATGCTAAAGCAAAAGCCGATGCTGCTGCTAAAGCCAAAAACGAAGCCGAGGCTAAAGCAAAAGCCGAGGCTGCTGCTAAAGCCAAAC","","2626641","2626641","2626641","196","2","C","","","","","AB3_v2.2","","","-1","SF5202","","","INS"
"","","","","","","","","","7.89289872e-01","tolR/tolB","intergenic (+545/-564)","group A colicins tolerance protein/translocation protein TolB",">/>","","","tolB","1","ACIAD2620/ACIAD2622","","","ACIAD2622","large_insertion","","48","1","GGCCAAAGCTAAAGCCGAGGCTACTGCTAAAGCCAAAAACGAAGCAGAGACCAAAGCTAAAGCCGAGGCTACTGCTAAAGCCAAACACGAAGCAGAGGCTAAAGCAAAAGCCGAGGCTGCTGCTAAAGCCAAACGCGAAGCAGA","","2626651","2626651","2626651","181","2","A","","","","","AB3_v2.2","","","-1","SF5202","","","INS"
"","","","","","","","","","8.82492065e-02","tolR/tolB","intergenic (+546/-563)","group A colicins tolerance protein/translocation protein TolB",">/>","","","tolB","","ACIAD2620/ACIAD2622","","","ACIAD2622","snp_intergenic","","57","1","G","","2626652","2626652","2626652","560","1","T","","","","","AB3_v2.2","","intergenic","-1","SF5202","","","SNP"
"","","","","","","","","","8.47043991e-02","tolR/tolB","intergenic (+549/-560)","group A colicins tolerance protein/translocation protein TolB",">/>","","","tolB","","ACIAD2620/ACIAD2622","","","ACIAD2622","snp_intergenic","","51","1","C","","2626655","2626655","2626655","552","1","T","","","","","AB3_v2.2","","intergenic","-1","SF5202","","","SNP"
"","","","","","","","","","6.71582222e-02","tolR/tolB","intergenic (+564/-545)","group A colicins tolerance protein/translocation protein TolB",">/>","","","tolB","","ACIAD2620/ACIAD2622","","","ACIAD2622","snp_intergenic","","38","1","T","","2626670","2626670","2626670","487","1","G","","","","","AB3_v2.2","","intergenic","-1","SF5202","","","SNP"
"","","","","","","","","","NA","tolR/tolB","intergenic (+567/-542)","group A colicins tolerance protein/translocation protein TolB",">/>","","","tolB","1","ACIAD2620/ACIAD2622","","","ACIAD2622","large_insertion","","52","1","ACTGCTAAAGCCAAAAACGAAGCAGAGGCCAAAGCAAAAGCCGAGGCTGCTGCTAAAGCCAAACGCGAAGCAGATGCTAAAGCAAAAGCCGAGGCTACTGCTAAAGCCAAAAACGAAGCAGATGCTAAAGCAAAAGCCGAGGCT","","2626673","2626673","2626673","71","2","T","","","","","AB3_v2.2","","","-1","SF5202","","","INS"
"N","171","K","","AAT","171","3","","AAG","8.69693756e-02","ACIAD3059","513","hypothetical protein","<","","ACIAD3059","","","ACIAD3059","","ACIAD3059","","snp_nonsynonymous","","44","1","A","","3042917","3042917","3042917","287","1","C","","","","","AB3_v2.2","","nonsynonymous","-1","SF5202","11","","SNP"
"I","1278","I","","ATA","1278","3","","ATC","9.81655121e-02","comC","3834","competence factor involved in DNA binding and uptake","<","","comC","","","ACIAD3316","","ACIAD3316","","snp_synonymous","","42","1","T","","3277379","3277379","3277379","268","1","G","","","","","AB3_v2.2","","synonymous","-1","SF5202","11","","SNP"
"","","","","","","","","","1.40968800e-01","ACIAD3520/ACIAD3521","intergenic (+27/-189)","hypothetical protein/hypothetical protein",">/>","","","ACIAD3521","","ACIAD3520/ACIAD3521","","","ACIAD3521","snp_intergenic","","42","1","T","","3506088","3506088","3506088","184","1","G","","","","","AB3_v2.2","","intergenic","-1","SF5202","","","SNP"
"","","","","","","","","","1.06540203e-01","ACIAD3520/ACIAD3521","intergenic (+33/-183)","hypothetical protein/hypothetical protein",">/>","","","ACIAD3521","","ACIAD3520/ACIAD3521","","","ACIAD3521","snp_intergenic","","34","1","T","","3506094","3506094","3506094","183","1","G","","","","","AB3_v2.2","","intergenic","-1","SF5202","","","SNP"
"","","","","","","","","","1.05553150e-01","ACIAD3520/ACIAD3521","intergenic (+35/-181)","hypothetical protein/hypothetical protein",">/>","","","ACIAD3521","","ACIAD3520/ACIAD3521","","","ACIAD3521","snp_intergenic","","31","1","A","","3506096","3506096","3506096","195","1","C","","","","","AB3_v2.2","","intergenic","-1","SF5202","","","SNP"
"","","","","","","","","","5.13048172e-02","ACIAD3657/purK","intergenic (-436/+114)","membrane-bound lytic murein transglycosylase/phosphoribosylaminoimidazole carboxylase ATPase subunit","</<","","","","","ACIAD3657/ACIAD3658","","","","snp_intergenic","","21","1","A","","3632030","3632030","3632030","298","1","T","","","","","AB3_v2.2","","intergenic","-1","SF5202","","","SNP"
"","","","","","","","","","5.27424812e-02","ACIAD3657/purK","intergenic (-437/+113)","membrane-bound lytic murein transglycosylase/phosphoribosylaminoimidazole carboxylase ATPase subunit","</<","","","","","ACIAD3657/ACIAD3658","","","","snp_intergenic","","28","1","A","","3632031","3632031","3632031","296","1","C","","","","","AB3_v2.2","","intergenic","-1","SF5202","","","SNP"
"","","","","","","","","","7.61217646e-02","ACIAD0083","coding (373/966 nt)","polysaccharide polymerase",">","ACIAD0083","","","1","ACIAD0083","ACIAD0083","","","small_indel","","13","1","TAGCAT","","78523","78523","78523","295","2","A","","","","","AB3_v2.2","","","-1","SF5205","","","INS"
"","","","","","","","","","4.46332924e-01","ACIAD0083","coding (374-379/966 nt)","polysaccharide polymerase",">","ACIAD0083","","","","ACIAD0083","ACIAD0083","","","small_indel","","132","1","","","78524","78529","78524","362","2","TAGCAT","","","","","AB3_v2.2","6","","-1","SF5205","","","DEL"
"","","","","","","","","","8.73577658e-02","ACIAD0083","coding (385/966 nt)","polysaccharide polymerase",">","ACIAD0083","","","1","ACIAD0083","ACIAD0083","","","small_indel","","16","1","TAGCATTAGCAT","","78535","78535","78535","355","2","T","6","4","2","TAGCAT","AB3_v2.2","","","-1","SF5205","","","INS"
"N","105","K","","AAT","105","3","","AAG","9.07979012e-02","ACIAD0120","315","pili assembly chaperone, required for type 1 fimbriae",">","","ACIAD0120","","","ACIAD0120","","ACIAD0120","","snp_nonsynonymous","","57","1","T","","121330","121330","121330","363","1","G","","","","","AB3_v2.2","","nonsynonymous","-1","SF5205","11","","SNP"
"","","","","","","","","","6.72323015e-01","ACIADtRNAGly_3","noncoding (1/76 nt)","tRNA-Gly","<","ACIADtRNAGly_3","","","1","ACIADtRNAGly_3","ACIADtRNAGly_3","","","large_insertion","","365","1","AAAATGAGCAGTTTTGATAAAAACTTTCACAAAAAATAATCTGGAGCGGGAAACGAGACTCGAACTCGCGACCCCAACCTTGGCAAGGTTGTGCTCTACCAACTGAGCTATTCCCGC","","145222","145222","145222","529","2","C","","","","","AB3_v2.2","","","-1","SF5205","","","INS"
"F","519","S","","TTT","519","2","","TCT","4.76897717e-01","rpoB","1556","DNA-directed RNA polymerase subunit beta",">","","rpoB","","","ACIAD0307","","ACIAD0307","","snp_nonsynonymous","","242","1","T","","303696","303696","303696","266","1","C","","","","","AB3_v2.2","","nonsynonymous","-1","SF5205","11","","SNP"
"K","86","Q","","AAA","86","1","","CAA","8.27455521e-02","ACIAD0355","256","hypothetical protein",">","","ACIAD0355","","","ACIAD0355","","ACIAD0355","","snp_nonsynonymous","","62","1","A","","347100","347100","347100","394","1","C","","","","","AB3_v2.2","","nonsynonymous","-1","SF5205","11","","SNP"
"","","","","","","","","","3.53200912e-01","ACIADrRNA16S_1/ACIADtRNAIle_1","intergenic (+18/-44)","16S/tRNA-Ile",">/>","","","ACIADtRNAIle_1","","ACIADrRNA16S_1/ACIADtRNAIle_1","","","ACIADtRNAIle_1","snp_intergenic","","518","1","T","","646024","646024","646024","952","1","C","","","","","AB3_v2.2","","intergenic","-1","SF5205","","","SNP"
"T","43","K","","ACA","43","2","","AAA","3.12914371e-01","rpsL","128","30S ribosomal protein S12",">","","rpsL","","","ACIAD0881","","ACIAD0881","","snp_nonsynonymous","","140","1","C","","863455","863455","863455","306","1","A","","","","","AB3_v2.2","","nonsynonymous","-1","SF5205","11","","SNP"
"T","113","P","","ACG","113","1","","CCG","1.15501404e-01","ACIAD1132","337","hypothetical protein",">","","ACIAD1132","","","ACIAD1132","","ACIAD1132","","snp_nonsynonymous","","59","1","A","","1117172","1117172","1117172","279","1","C","","","","","AB3_v2.2","","nonsynonymous","-1","SF5205","11","","SNP"
"S","117","A","","TCA","117","1","","GCA","9.09357071e-02","ACIAD1132","349","hypothetical protein",">","","ACIAD1132","","","ACIAD1132","","ACIAD1132","","snp_nonsynonymous","","44","1","T","","1117184","1117184","1117184","292","1","G","","","","","AB3_v2.2","","nonsynonymous","-1","SF5205","11","","SNP"
"C","102","G","","TGT","102","1","","GGT","8.16950798e-02","salR","304","LysR family transcriptional regulator",">","","salR","","","ACIAD1425","","ACIAD1425","","snp_nonsynonymous","","39","1","T","","1472071","1472071","1472071","276","1","G","","","","","AB3_v2.2","","nonsynonymous","-1","SF5205","11","","SNP"
"*","224","S","","TAA","224","2","","TCA","6.97264671e-02","ACIAD1464","671","ABC transporter ATP-binding protein",">","ACIAD1464","","","","ACIAD1464","ACIAD1464","","","snp_nonsense","","43","1","A","","1515470","1515470","1515470","330","1","C","","","","","AB3_v2.2","","nonsense","-1","SF5205","11","","SNP"
"V","223","V","","GTA","223","3","","GTC","5.31535149e-02","kdsD","669","D-arabinose 5-phosphate isomerase",">","","kdsD","","","ACIAD1482","","ACIAD1482","","snp_synonymous","","30","1","A","","1531833","1531833","1531833","321","1","C","","","","","AB3_v2.2","","synonymous","-1","SF5205","11","","SNP"
"N","53","T","","AAT","53","2","","ACT","7.92469978e-02","ACIAD1533","158","outer membrane receptor protein",">","","ACIAD1533","","","ACIAD1533","","ACIAD1533","","snp_nonsynonymous","","44","1","A","","1582038","1582038","1582038","294","1","C","","","","","AB3_v2.2","","nonsynonymous","-1","SF5205","11","","SNP"
"*","499","E","","TAA","499","1","","GAA","7.23614693e-02","ACIAD1672","1495","haloacid dehalogenase",">","ACIAD1672","","","","ACIAD1672","ACIAD1672","","","snp_nonsense","","42","1","T","","1729283","1729283","1729283","291","1","G","","","","","AB3_v2.2","","nonsense","-1","SF5205","11","","SNP"
"I","55","M","","ATT","55","3","","ATG","5.71584702e-02","ACIAD1673","165","hypothetical protein","<","","ACIAD1673","","","ACIAD1673","","ACIAD1673","","snp_nonsynonymous","","35","1","A","","1730650","1730650","1730650","371","1","C","","","","","AB3_v2.2","","nonsynonymous","-1","SF5205","11","","SNP"
"","","","","","","","","","5.39526939e-02","ACIAD2100/ACIAD2101","intergenic (+31/+33)","major facilitator superfamily permease/3-oxoacyl-ACP synthase",">/<","","","ACIAD2101","","ACIAD2100/ACIAD2101","","","ACIAD2101","snp_intergenic","","37","1","T","","2139403","2139403","2139403","296","1","G","","","","","AB3_v2.2","","intergenic","-1","SF5205","","","SNP"
"","","","","","","","","","1.59669876e-01","ACIAD2100/ACIAD2101","intergenic (+52/+12)","major facilitator superfamily permease/3-oxoacyl-ACP synthase",">/<","","","ACIAD2101","","ACIAD2100/ACIAD2101","","","ACIAD2101","snp_intergenic","","69","1","T","","2139424","2139424","2139424","266","1","G","","","","","AB3_v2.2","","intergenic","-1","SF5205","","","SNP"
"","","","","","","","","","9.36255455e-02","glnA/ACIAD2460","intergenic (-596/-27)","glutamine synthetase/hypothetical protein","</>","","","","","ACIAD2458/ACIAD2460","","","","snp_intergenic","","47","1","A","","2474887","2474887","2474887","303","1","C","","","","","AB3_v2.2","","intergenic","-1","SF5205","","","SNP"
"","","","","","","","","","5.47323227e-02","tolR/tolB","intergenic (+501/-608)","group A colicins tolerance protein/translocation protein TolB",">/>","","","tolB","","ACIAD2620/ACIAD2622","","","ACIAD2622","snp_intergenic","","53","1","C","","2626607","2626607","2626607","905","1","T","","","","","AB3_v2.2","","intergenic","-1","SF5205","","","SNP"
"","","","","","","","","","1.06319427e-01","tolR/tolB","intergenic (+520/-589)","group A colicins tolerance protein/translocation protein TolB",">/>","","","tolB","","ACIAD2620/ACIAD2622","","","ACIAD2622","snp_intergenic","","124","1","A","","2626626","2626626","2626626","1040","1","G","","","","","AB3_v2.2","","intergenic","-1","SF5205","","","SNP"
"","","","","","","","","","1","tolR/tolB","intergenic (+534/-575)","group A colicins tolerance protein/translocation protein TolB",">/>","","","tolB","1","ACIAD2620/ACIAD2622","","","ACIAD2622","large_insertion","","108","1","AACGAAGCCGAGGCTAAAGCAAAAGCCGAGGCTGCTGCTAAAGCCAAACGCGAAGCAGATGCTAAAGCAAAAGCCGAGGCTACTGCTAAAGCCAAAAACGAAGCAGAGGCCAAAGCAAAAGCCGAGGCTGCTGCTAAAGCCAAA","","2626640","2626640","2626640","101","2","A","","","","","AB3_v2.2","","","-1","SF5205","","","INS"
"","","","","","","","","","1","tolR/tolB","intergenic (+535/-574)","group A colicins tolerance protein/translocation protein TolB",">/>","","","tolB","1","ACIAD2620/ACIAD2622","","","ACIAD2622","large_insertion","","115","1","ACGAAGCAGAGGCTAAAGCAAAAGCCGAGGCTGCTGCAAAAGCCAAACGCGAAGCAGATGCTAAAGCAAAAGCCGATGCTGCTGCTAAAGCCAAAAACGAAGCCGAGGCTAAAGCAAAAGCCGAGGCTGCTGCTAAAGCCAAAC","","2626641","2626641","2626641","98","2","C","","","","","AB3_v2.2","","","-1","SF5205","","","INS"
"","","","","","","","","","9.16570104e-01","tolR/tolB","intergenic (+545/-564)","group A colicins tolerance protein/translocation protein TolB",">/>","","","tolB","1","ACIAD2620/ACIAD2622","","","ACIAD2622","large_insertion","","63","1","GGCCAAAGCTAAAGCCGAGGCTACTGCTAAAGCCAAAAACGAAGCAGAGACCAAAGCTAAAGCCGAGGCTACTGCTAAAGCCAAACACGAAGCAGAGGCTAAAGCAAAAGCCGAGGCTGCTGCTAAAGCCAAACGCGAAGCAGA","","2626651","2626651","2626651","81","2","A","","","","","AB3_v2.2","","","-1","SF5205","","","INS"
"","","","","","","","","","8.13989639e-02","tolR/tolB","intergenic (+564/-545)","group A colicins tolerance protein/translocation protein TolB",">/>","","","tolB","","ACIAD2620/ACIAD2622","","","ACIAD2622","snp_intergenic","","39","1","T","","2626670","2626670","2626670","403","1","G","","","","","AB3_v2.2","","intergenic","-1","SF5205","","","SNP"
"","","","","","","","","","9.12261995e-01","tolR/tolB","intergenic (+567/-542)","group A colicins tolerance protein/translocation protein TolB",">/>","","","tolB","1","ACIAD2620/ACIAD2622","","","ACIAD2622","large_insertion","","53","1","ACTGCTAAAGCCAAAAACGAAGCAGAGGCCAAAGCAAAAGCCGAGGCTGCTGCTAAAGCCAAACGCGAAGCAGATGCTAAAGCAAAAGCCGAGGCTACTGCTAAAGCCAAACGCGAAGCAGATGCTAAAGCAAAAGCCGAGGCT","","2626673","2626673","2626673","72","2","T","","","","","AB3_v2.2","","","-1","SF5205","","","INS"
"S","441","S","","TCT","441","3","","TCG","6.77571297e-02","secY","1323","preprotein translocase subunit SecY","<","","secY","","","ACIAD3199","","ACIAD3199","","snp_synonymous","","50","1","A","","3181147","3181147","3181147","348","1","C","","","","","AB3_v2.2","","synonymous","-1","SF5205","11","","SNP"
"Y","1280","D","","TAC","1280","1","","GAC","6.22153282e-02","comC","3838","competence factor involved in DNA binding and uptake","<","","comC","","","ACIAD3316","","ACIAD3316","","snp_nonsynonymous","","35","1","A","","3277375","3277375","3277375","324","1","C","","","","","AB3_v2.2","","nonsynonymous","-1","SF5205","11","","SNP"
"","","","","","","","","","6.75535202e-02","ACIAD3462/actP","intergenic (+13/+27)","hypothetical protein/acetate permease",">/<","","","actP","","ACIAD3462/ACIAD3463","","","ACIAD3463","snp_intergenic","","48","1","C","","3444489","3444489","3444489","442","1","A","","","","","AB3_v2.2","","intergenic","-1","SF5205","","","SNP"
"","","","","","","","","","1.24623775e-01","ACIAD3520/ACIAD3521","intergenic (+27/-189)","hypothetical protein/hypothetical protein",">/>","","","ACIAD3521","","ACIAD3520/ACIAD3521","","","ACIAD3521","snp_intergenic","","56","1","T","","3506088","3506088","3506088","258","1","G","","","","","AB3_v2.2","","intergenic","-1","SF5205","","","SNP"
"","","","","","","","","","1.34127140e-01","ACIAD3520/ACIAD3521","intergenic (+33/-183)","hypothetical protein/hypothetical protein",">/>","","","ACIAD3521","","ACIAD3520/ACIAD3521","","","ACIAD3521","snp_intergenic","","54","1","T","","3506094","3506094","3506094","242","1","G","","","","","AB3_v2.2","","intergenic","-1","SF5205","","","SNP"
"","","","","","","","","","8.17294121e-02","ACIAD3520/ACIAD3521","intergenic (+35/-181)","hypothetical protein/hypothetical protein",">/>","","","ACIAD3521","","ACIAD3520/ACIAD3521","","","ACIAD3521","snp_intergenic","","37","1","A","","3506096","3506096","3506096","273","1","C","","","","","AB3_v2.2","","intergenic","-1","SF5205","","","SNP"
"T","180","P","","ACA","180","1","","CCA","1.20456696e-01","ACIAD0074","538","glycosyl transferase",">","","ACIAD0074","","","ACIAD0074","","ACIAD0074","","snp_nonsynonymous","","22","1","A","","70901","70901","70901","114","1","C","","","","","AB3_v2.2","","nonsynonymous","-1","SF5206","11","","SNP"
"","","","","","","","","","2.14404790e-01","ACIAD0083","coding (374-379/966 nt)","polysaccharide polymerase",">","ACIAD0083","","","","ACIAD0083","ACIAD0083","","","small_indel","","23","1","","","78524","78529","78524","183","2","TAGCAT","","","","","AB3_v2.2","6","","-1","SF5206","","","DEL"
"C","324","W","","TGT","324","3","","TGG","5.74088097e-02","ACIAD0084","972","mannosyl transferase",">","","ACIAD0084","","","ACIAD0084","","ACIAD0084","","snp_nonsynonymous","","14","1","T","","80107","80107","80107","162","1","G","","","","","AB3_v2.2","","nonsynonymous","-1","SF5206","11","","SNP"
"M","544","T","","ATG","544","2","","ACG","8.54411125e-02","pgi","1631","glucose-6-phosphate isomerase",">","","pgi","","","ACIAD0101","","ACIAD0101","","snp_nonsynonymous","","14","1","T","","99736","99736","99736","153","1","C","","","","","AB3_v2.2","","nonsynonymous","-1","SF5206","11","","SNP"
"N","105","K","","AAT","105","3","","AAG","1.11781597e-01","ACIAD0120","315","pili assembly chaperone, required for type 1 fimbriae",">","","ACIAD0120","","","ACIAD0120","","ACIAD0120","","snp_nonsynonymous","","20","1","T","","121330","121330","121330","115","1","G","","","","","AB3_v2.2","","nonsynonymous","-1","SF5206","11","","SNP"
"F","123","L","","TTT","123","3","","TTG","1.32732391e-01","ACIAD0120","369","pili assembly chaperone, required for type 1 fimbriae",">","","ACIAD0120","","","ACIAD0120","","ACIAD0120","","snp_nonsynonymous","","25","1","T","","121384","121384","121384","123","1","G","","","","","AB3_v2.2","","nonsynonymous","-1","SF5206","11","","SNP"
"","","","","","","","","","5.35679374e-01","ACIADtRNAGly_3","noncoding (1/76 nt)","tRNA-Gly","<","ACIADtRNAGly_3","","","1","ACIADtRNAGly_3","ACIADtRNAGly_3","","","large_insertion","","64","1","AAAATGAGCAGTTTTGATAAAAACTTTCACAAAAAATAATCTGGAGCGGGAAACGAGACTCGAACTCGCGACCCCAACCTTGGCAAGGTTGTGCTCTACCAACTGAGCTATTCCCGC","","145222","145222","145222","152","2","C","","","","","AB3_v2.2","","","-1","SF5206","","","INS"
"I","406","R","","ATA","406","2","","AGA","9.75980759e-02","tolC","1217","channel-tunnel spanning the outer membrane and periplasm segregation of daughter chromosomes",">","","tolC","","","ACIAD0278","","ACIAD0278","","snp_nonsynonymous","","23","1","T","","279047","279047","279047","144","1","G","","","","","AB3_v2.2","","nonsynonymous","-1","SF5206","11","","SNP"
"F","519","S","","TTT","519","2","","TCT","3.39653492e-01","rpoB","1556","DNA-directed RNA polymerase subunit beta",">","","rpoB","","","ACIAD0307","","ACIAD0307","","snp_nonsynonymous","","65","1","T","","303696","303696","303696","128","1","C","","","","","AB3_v2.2","","nonsynonymous","-1","SF5206","11","","SNP"
"L","571","P","","CTT","571","2","","CCT","1.82967186e-01","rpoB","1712","DNA-directed RNA polymerase subunit beta",">","","rpoB","","","ACIAD0307","","ACIAD0307","","snp_nonsynonymous","","28","1","T","","303852","303852","303852","126","1","C","","","","","AB3_v2.2","","nonsynonymous","-1","SF5206","11","","SNP"
"G","1284","G","","GGA","1284","3","","GGT","5.76100349e-02","rpoB","3852","DNA-directed RNA polymerase subunit beta",">","","rpoB","","","ACIAD0307","","ACIAD0307","","snp_synonymous","","9","1","A","","305992","305992","305992","147","1","T","","","","","AB3_v2.2","","synonymous","-1","SF5206","11","","SNP"
"Q","1285","Q","","CAA","1285","3","","CAG","5.56964874e-02","rpoB","3855","DNA-directed RNA polymerase subunit beta",">","","rpoB","","","ACIAD0307","","ACIAD0307","","snp_synonymous","","9","1","A","","305995","305995","305995","152","1","G","","","","","AB3_v2.2","","synonymous","-1","SF5206","11","","SNP"
"R","1286","R","","CGC","1286","3","","CGT","5.63235283e-02","rpoB","3858","DNA-directed RNA polymerase subunit beta",">","","rpoB","","","ACIAD0307","","ACIAD0307","","snp_synonymous","","9","1","C","","305998","305998","305998","148","1","T","","","","","AB3_v2.2","","synonymous","-1","SF5206","11","","SNP"
"V","1292","V","","GTG","1292","3","","GTC","5.35240173e-02","rpoB","3876","DNA-directed RNA polymerase subunit beta",">","","rpoB","","","ACIAD0307","","ACIAD0307","","snp_synonymous","","9","1","G","","306016","306016","306016","158","1","C","","","","","AB3_v2.2","","synonymous","-1","SF5206","11","","SNP"
"A","1294","A","","GCG","1294","3","","GCA","5.59144020e-02","rpoB","3882","DNA-directed RNA polymerase subunit beta",">","","rpoB","","","ACIAD0307","","ACIAD0307","","snp_synonymous","","9","1","G","","306022","306022","306022","150","1","A","","","","","AB3_v2.2","","synonymous","-1","SF5206","11","","SNP"
"L","1295","L","","CTG","1295","3","","CTC","5.38754463e-02","rpoB","3885","DNA-directed RNA polymerase subunit beta",">","","rpoB","","","ACIAD0307","","ACIAD0307","","snp_synonymous","","9","1","G","","306025","306025","306025","155","1","C","","","","","AB3_v2.2","","synonymous","-1","SF5206","11","","SNP"
"","","","","","","","","","2.73324013e-01","ACIADrRNA16S_1/ACIADtRNAIle_1","intergenic (+18/-44)","16S/tRNA-Ile",">/>","","","ACIADtRNAIle_1","","ACIADrRNA16S_1/ACIADtRNAIle_1","","","ACIADtRNAIle_1","snp_intergenic","","95","1","T","","646024","646024","646024","257","1","C","","","","","AB3_v2.2","","intergenic","-1","SF5206","","","SNP"
"F","223","L","","TTT","223","3","","TTG","8.34712982e-02","ACIAD0844","669","GntR family transcriptional regulator",">","","ACIAD0844","","","ACIAD0844","","ACIAD0844","","snp_nonsynonymous","","25","1","T","","829527","829527","829527","174","1","G","","","","","AB3_v2.2","","nonsynonymous","-1","SF5206","11","","SNP"
"T","43","K","","ACA","43","2","","AAA","5.28954983e-01","rpsL","128","30S ribosomal protein S12",">","","rpsL","","","ACIAD0881","","ACIAD0881","","snp_nonsynonymous","","83","1","C","","863455","863455","863455","73","1","A","","","","","AB3_v2.2","","nonsynonymous","-1","SF5206","11","","SNP"
"Y","213","D","","TAT","213","1","","GAT","9.30938721e-02","ACIAD1390","637","hypothetical protein",">","","ACIAD1390","","","ACIAD1390","","ACIAD1390","","snp_nonsynonymous","","16","1","T","","1436297","1436297","1436297","104","1","G","","","","","AB3_v2.2","","nonsynonymous","-1","SF5206","11","","SNP"
"","","","","","","","","","8.96506310e-02","ACIAD1517/ACIAD1518","intergenic (+88/+4)","signal peptide/sulfonate monooxygenase",">/<","","","ACIAD1518","","ACIAD1517/ACIAD1518","","","ACIAD1518","snp_intergenic","","12","1","T","","1568824","1568824","1568824","91","1","A","","","","","AB3_v2.2","","intergenic","-1","SF5206","","","SNP"
"*","499","E","","TAA","499","1","","GAA","9.73939896e-02","ACIAD1672","1495","haloacid dehalogenase",">","ACIAD1672","","","","ACIAD1672","ACIAD1672","","","snp_nonsense","","18","1","T","","1729283","1729283","1729283","113","1","G","","","","","AB3_v2.2","","nonsense","-1","SF5206","11","","SNP"
"*","109","S","","TAA","109","2","","TCA","7.38081932e-02","ACIAD1745","326","LysR family transcriptional regulator",">","ACIAD1745","","","","ACIAD1745","ACIAD1745","","","snp_nonsense","","17","1","A","","1804632","1804632","1804632","134","1","C","","","","","AB3_v2.2","","nonsense","-1","SF5206","11","","SNP"
"Y","360","D","","TAT","360","1","","GAT","8.56633186e-02","ACIAD1764","1078","ferric siderophore receptor protein",">","","ACIAD1764","","","ACIAD1764","","ACIAD1764","","snp_nonsynonymous","","15","1","T","","1820615","1820615","1820615","127","1","G","","","","","AB3_v2.2","","nonsynonymous","-1","SF5206","11","","SNP"
"V","26","F","","GTC","26","1","","TTC","8.39385986e-02","ispD","76","2-C-methyl-D-erythritol 4-phosphate cytidylyltransferase","<","","ispD","","","ACIAD1999","","ACIAD1999","","snp_nonsynonymous","","20","1","C","","2042579","2042579","2042579","140","1","A","","","","","AB3_v2.2","","nonsynonymous","-1","SF5206","11","","SNP"
"Y","541","D","","TAT","541","1","","GAT","8.36882591e-02","ACIAD2121","1621","hypothetical protein","<","","ACIAD2121","","","ACIAD2121","","ACIAD2121","","snp_nonsynonymous","","22","1","A","","2160534","2160534","2160534","148","1","C","","","","","AB3_v2.2","","nonsynonymous","-1","SF5206","11","","SNP"
"*","4","S","","TAA","4","2","","TCA","1.02511883e-01","ACIAD2300","11","hypothetical protein","<","ACIAD2300","","","","ACIAD2300","ACIAD2300","","","snp_nonsense","","16","1","T","","2323262","2323262","2323262","105","1","G","","","","","AB3_v2.2","","nonsense","-1","SF5206","11","","SNP"
"","","","","","","","","","7.18884468e-02","tolR/tolB","intergenic (+495/-614)","group A colicins tolerance protein/translocation protein TolB",">/>","","","tolB","","ACIAD2620/ACIAD2622","","","ACIAD2622","snp_intergenic","","14","1","C","","2626601","2626601","2626601","163","1","A","","","","","AB3_v2.2","","intergenic","-1","SF5206","","","SNP"
"","","","","","","","","","1.10493660e-01","tolR/tolB","intergenic (+501/-608)","group A colicins tolerance protein/translocation protein TolB",">/>","","","tolB","","ACIAD2620/ACIAD2622","","","ACIAD2622","snp_intergenic","","40","1","C","","2626607","2626607","2626607","310","1","T","","","","","AB3_v2.2","","intergenic","-1","SF5206","","","SNP"
"","","","","","","","","","2.79111862e-01","tolR/tolB","intergenic (+525/-584)","group A colicins tolerance protein/translocation protein TolB",">/>","","","tolB","","ACIAD2620/ACIAD2622","","","ACIAD2622","snp_intergenic","","96","1","A","","2626631","2626631","2626631","239","1","T","","","","","AB3_v2.2","","intergenic","-1","SF5206","","","SNP"
"","","","","","","","","","6.95431472e-01","tolR/tolB","intergenic (+545/-564)","group A colicins tolerance protein/translocation protein TolB",">/>","","","tolB","1","ACIAD2620/ACIAD2622","","","ACIAD2622","large_insertion","","18","1","GGCCAAAGCTAAAGCCGAGGCTACTGCTAAAGCCAAAAACGAAGCAGAGACCAAAGCTAAAGCCGAGGCTACTGCTAAAGCCAAACACGAAGCAGAGGCTAAAGCAAAAGCCGAGGCTGCTGCTAAAGCCAAACGCGAAGCAGA","","2626651","2626651","2626651","54","2","A","","","","","AB3_v2.2","","","-1","SF5206","","","INS"
"","","","","","","","","","8.16380266e-01","tolR/tolB","intergenic (+563/-546)","group A colicins tolerance protein/translocation protein TolB",">/>","","","tolB","1","ACIAD2620/ACIAD2622","","","ACIAD2622","large_insertion","","86","1","TGCTGCTGCTAAAGCCAAAAACGAAGCCGAGGCTAAAGCAAAAGCCGAGGCTGCTGCTAAAGCCAAACGCGAAGCAGATGCTAAAGCAAAAGCCGA","","2626669","2626669","2626669","50","2","A","","","","","AB3_v2.2","","","-1","SF5206","","","INS"
"","","","","","","","","","1.00113392e-01","tolR/tolB","intergenic (+564/-545)","group A colicins tolerance protein/translocation protein TolB",">/>","","","tolB","","ACIAD2620/ACIAD2622","","","ACIAD2622","snp_intergenic","","14","1","T","","2626670","2626670","2626670","110","1","G","","","","","AB3_v2.2","","intergenic","-1","SF5206","","","SNP"
"T","143","N","","ACC","143","2","","AAC","6.49814606e-02","ACIAD2958","428","ammonium transporter",">","","ACIAD2958","","","ACIAD2958","","ACIAD2958","","snp_nonsynonymous","","22","1","C","","2944613","2944613","2944613","210","1","A","","","","","AB3_v2.2","","nonsynonymous","-1","SF5206","11","","SNP"
"P","304","P","","CCA","304","3","","CCT","7.23738670e-02","polA","912","DNA polymerase I",">","","polA","","","ACIAD3030","","ACIAD3030","","snp_synonymous","","14","1","A","","3016549","3016549","3016549","147","1","T","","","","","AB3_v2.2","","synonymous","-1","SF5206","11","","SNP"
"N","230","K","","AAC","230","3","","AAA","9.25531387e-02","adhA","690","alcohol dehydrogenase","<","","adhA","","","ACIAD3339","","ACIAD3339","","snp_nonsynonymous","","22","1","G","","3298556","3298556","3298556","129","1","T","","","","","AB3_v2.2","","nonsynonymous","-1","SF5206","11","","SNP"
"L","332","F","","TTA","332","3","","TTC","1.11252785e-01","ACIAD3429","996","peptidase","<","","ACIAD3429","","","ACIAD3429","","ACIAD3429","","snp_nonsynonymous","","24","1","T","","3402469","3402469","3402469","122","1","G","","","","","AB3_v2.2","","nonsynonymous","-1","SF5206","11","","SNP"
"G","311","E","","GGA","311","2","","GAA","5.42855263e-02","ACIAD3596","932","recombination factor protein RarA","<","","ACIAD3596","","","ACIAD3596","","ACIAD3596","","snp_nonsynonymous","","6","1","C","","3570495","3570495","3570495","103","1","T","","","","","AB3_v2.2","","nonsynonymous","-1","SF5206","11","","SNP"
"","","","","","","","","","1.18791580e-01","ACIAD3657/purK","intergenic (-463/+87)","membrane-bound lytic murein transglycosylase/phosphoribosylaminoimidazole carboxylase ATPase subunit","</<","","","","","ACIAD3657/ACIAD3658","","","","snp_intergenic","","19","1","T","","3632057","3632057","3632057","102","1","G","","","","","AB3_v2.2","","intergenic","-1","SF5206","","","SNP"
"F","519","S","","TTT","519","2","","TCT","","rpoB","1556","DNA-directed RNA polymerase subunit beta",">","","rpoB","","","ACIAD0307","","ACIAD0307","","snp_nonsynonymous","","540","1","T","","303696","303696","303696","7","1","C","","","","","AB3_v2.2","","nonsynonymous","-1","SF5212","11","","SNP"
"T","43","K","","ACA","43","2","","AAA","","rpsL","128","30S ribosomal protein S12",">","","rpsL","","","ACIAD0881","","ACIAD0881","","snp_nonsynonymous","","463","1","C","","863455","863455","863455","2","1","A","","","","","AB3_v2.2","","nonsynonymous","-1","SF5212","11","","SNP"
"","","","","","","","","","","tolR/tolB","intergenic (+534/-575)","group A colicins tolerance protein/translocation protein TolB",">/>","","","tolB","1","ACIAD2620/ACIAD2622","","","ACIAD2622","large_insertion","","101","1","AACGAAGCCGAGGCTAAAGCAAAAGCCGAGGCTGCTGCTAAAGCCAAACGCGAAGCAGATGCTAAAGCAAAAGCCGAGGCTACTGCTAAAGCCAAAAACGAAGCAGAGGCCAAAGCAAAAGCCGAGGCTGCTGCTAAAGCCAAA","","2626640","2626640","2626640","205","2","A","","","","","AB3_v2.2","","","-1","SF5212","","","INS"
"","","","","","","","","","","tolR/tolB","intergenic (+535/-574)","group A colicins tolerance protein/translocation protein TolB",">/>","","","tolB","1","ACIAD2620/ACIAD2622","","","ACIAD2622","large_insertion","","175","1","ACGAAGCAGAGGCTAAAGCAAAAGCCGAGGCTGCTGCAAAAGCCAAACGCGAAGCAGATGCTAAAGCAAAAGCCGATGCTGCTGCTAAAGCCAAAAACGAAGCCGAGGCTAAAGCAAAAGCCGAGGCTGCTGCTAAAGCCAAAC","","2626641","2626641","2626641","217","2","C","","","","","AB3_v2.2","","","-1","SF5212","","","INS"
"","","","","","","","","","","tolR/tolB","intergenic (+563/-546)","group A colicins tolerance protein/translocation protein TolB",">/>","","","tolB","1","ACIAD2620/ACIAD2622","","","ACIAD2622","large_insertion","","27","1","TGCTGCTGCTAAAGCCAAAAACGAAGCCGAGGCTAAAGCAAAAGCCGAGGCTGCTGCTAAAGCCAAACGCGAAGCAGATGCTAAAGCAAAAGCCGAGGCTACTGCTAAAGCCAAAAACGAAGCAGATGCTAAAGCAAAAGCCGA","","2626669","2626669","2626669","41","2","A","","","","","AB3_v2.2","","","-1","SF5212","","","INS"
"","","","","","","","","","","tolR/tolB","intergenic (+567/-542)","group A colicins tolerance protein/translocation protein TolB",">/>","","","tolB","1","ACIAD2620/ACIAD2622","","","ACIAD2622","large_insertion","","84","1","ACTGCTAAAGCCAAAAACGAAGCAGAGGCCAAAGCAAAAGCCGAGGCTGCTGCTAAAGCCAAACGCGAAGCAGATGCTAAAGCAAAAGCCGAGGCTACTGCTAAAGCCAAACGCGAAGCAGATGCTAAAGCAAAAGCCGAGGCT","","2626673","2626673","2626673","111","2","T","","","","","AB3_v2.2","","","-1","SF5212","","","INS"
"F","519","S","","TTT","519","2","","TCT","","rpoB","1556","DNA-directed RNA polymerase subunit beta",">","","rpoB","","","ACIAD0307","","ACIAD0307","","snp_nonsynonymous","","485","1","T","","303696","303696","303696","6","1","C","","","","","AB3_v2.2","","nonsynonymous","-1","SF5213","11","","SNP"
"T","43","K","","ACA","43","2","","AAA","","rpsL","128","30S ribosomal protein S12",">","","rpsL","","","ACIAD0881","","ACIAD0881","","snp_nonsynonymous","","440","1","C","","863455","863455","863455","2","1","A","","","","","AB3_v2.2","","nonsynonymous","-1","SF5213","11","","SNP"
"","","","","","","","","","","ACIAD2284/ACIAD2286","intergenic (+49/-294)","hypothetical protein/hypothetical protein",">/>","","","ACIAD2286","1","ACIAD2284/ACIAD2286","","","ACIAD2286","small_indel","","437","1","ATTGATA","","2307767","2307767","2307767","14","2","A","7","2","1","ATTGATA","AB3_v2.2","","","-1","SF5213","","","INS"
"","","","","","","","","","","tolR/tolB","intergenic (+535/-574)","group A colicins tolerance protein/translocation protein TolB",">/>","","","tolB","1","ACIAD2620/ACIAD2622","","","ACIAD2622","large_insertion","","139","1","ACGAAGCAGAGGCTAAAGCAAAAGCCGAGGCTGCTGCAAAAGCCAAACGCGAAGCAGATGCTAAAGCAAAAGCCGATGCTGCTGCTAAAGCCAAAAACGAAGCCGAGGCTAAAGCAAAAGCCGAGGCTGCTGCTAAAGCCAAAC","","2626641","2626641","2626641","234","2","C","","","","","AB3_v2.2","","","-1","SF5213","","","INS"
"","","","","","","","","","","tolR/tolB","intergenic (+563/-546)","group A colicins tolerance protein/translocation protein TolB",">/>","","","tolB","1","ACIAD2620/ACIAD2622","","","ACIAD2622","large_insertion","","28","1","TGCTGCTGCTAAAGCCAAAAACGAAGCCGAGGCTAAAGCAAAAGCCGAGGCTGCTGCTAAAGCCAAACGCGAAGCAGATGCTAAAGCAAAAGCCGAGGCTACTGCTAAAGCCAAAAACGAAGCAGATGCTAAAGCAAAAGCCGA","","2626669","2626669","2626669","44","2","A","","","","","AB3_v2.2","","","-1","SF5213","","","INS"
"","","","","","","","","","","tolR/tolB","intergenic (+567/-542)","group A colicins tolerance protein/translocation protein TolB",">/>","","","tolB","1","ACIAD2620/ACIAD2622","","","ACIAD2622","large_insertion","","90","1","ACTGCTAAAGCCAAAAACGAAGCAGAGGCCAAAGCAAAAGCCGAGGCTGCTGCTAAAGCCAAACGCGAAGCAGATGCTAAAGCAAAAGCCGAGGCTACTGCTAAAGCCAAAAACGAAGCAGATGCTAAAGCAAAAGCCGAGGCT","","2626673","2626673","2626673","44","2","T","","","","","AB3_v2.2","","","-1","SF5213","","","INS"
